"id","name","writer","category","publisher","published_at","isbn","page_count","language"
5,"1984 A","George Orwell","Novel,  ","HarperCollins",12/3/2008,11524745,97,"Spanish"
66,"And Then There Were None A","Agatha Christie","Novel, Thriller","Macmillan",12/4/2008,12725486,103,"English"
71,"Art Of Thinking Clearly A","Rolf Dobelli","Inspiration/Motivation","Penguin",12/5/2008,13124724,104,"English"
126,"Dance Dance Dance A","Haruki Murakami","Novel","Simon and Schuster",12/6/2008,13235243,107,"Hindi"
131,"David Coperfield","Charles Dickens","Novel,","Pearson",12/7/2008,14035232.5,110.5,"Bangla"
138,"Destination Unknown A","Agatha Christie","Novel, Thriller","Faber & Faber",12/8/2008,14588305.7,113.6,"English"
153,"Eat That Frog A","Brian Tracy","Novel, Inspiration/Motivation","HarperCollins",12/9/2008,15141378.9,116.7,"Spanish"
178,"Finding My Virginity A","Richard Branson","Inspiration/Motivation","Macmillan",12/10/2008,15694452.1,119.8,"French"
186,"Forge Your Future A","A P J Abdul Kalam","Novel,  Inspiration/Motivation","Penguin",12/11/2008,16247525.3,122.9,"Arabic"
194,"Frankenstein A","Mary Shelley","Novel, Mystery","Simon and Schuster",12/12/2008,16800598.5,126,"Portugese"
196,"Freakonomics A","Steven D. Levitt And Stephen J. Dubner","Novel, Thriller","Pearson",12/13/2008,17353671.7,129.1,"Russian"
202,"Get To The Top A","Suhel Seth","Inspiration/Motivation","Faber & Faber",12/14/2008,17906744.9,132.2,"Mandarine"
211,"Golden House A","Salman Rushdie","Novel,","HarperCollins",12/15/2008,18459818.1,135.3,"Spanish"
252,"The Tales Of Beedle The Bard A","J.K. Rowling","Novel,  ","Macmillan",12/16/2008,19012891.3,138.4,"English"
278,"If Tomorrow Comes A","Sidney Sheldon","Novel, Romance","Penguin",12/17/2008,19565964.5,141.5,"English"
291,"Islam, A Short History A","Reza Aslam","Novel,","Simon and Schuster",12/18/2008,20119037.7,144.6,"Hindi"
303,"Kafka, The Complete Short Stories A","Kafka","Novel,","Pearson",12/19/2008,20672110.9,147.7,"Bangla"
350,"Memories Of Midnight A","Sidney Sheldon","Novel, Romance","Faber & Faber",12/20/2008,21225184.1,150.8,"English"
353,"Men Without Women A","Haruki Murakami","Novel","HarperCollins",12/21/2008,21778257.3,153.9,"Spanish"
364,"Morning Noon And Night A","Sidney Sheldon","Novel, Romance","Macmillan",12/22/2008,22331330.5,157,"French"
372,"My Name Is Red A","Orhan Pamuk","Novel,","Penguin",12/23/2008,22884403.7,160.1,"Arabic"
373,"Mythology A","Edith Hamilton","Mythology, Novel, Mystery","Simon and Schuster",12/24/2008,23437476.9,163.2,"Portugese"
390,"O Henry 100 Selected Stories A","O Henry","Story,","Pearson",12/25/2008,23990550.1,166.3,"Russian"
396,"On Writing A","Stephen King","Analytical, Biography","Faber & Faber",12/26/2008,24543623.3,169.4,"Mandarine"
408,"Orientalism A","Edward W Said","Novel,","HarperCollins",12/27/2008,25096696.5,172.5,"Spanish"
419,"Paris For One A","Jojo Moyes","Novel,","Macmillan",12/28/2008,25649769.7,175.6,"English"
421,"Partners In Crime A","Agatha Christie","Novel, Thriller","Penguin",12/29/2008,26202842.9,178.7,"English"
433,"Poirot Investigates A","Agatha Christie","Novel, Thriller","Simon and Schuster",12/30/2008,26755916.1,181.8,"Hindi"
437,"Poster Of Fate A",,"Novel,  ","Pearson",12/31/2008,27308989.3,184.9,"Bangla"
490,"Sputnik Sweetheart A","Haruki Murakami","Novel","Faber & Faber",1/1/2009,27862062.5,188,"English"
527,"The Bastard Of Istanbul A","Elif Shafak","Romance, Novel","HarperCollins",1/2/2009,28415135.7,191.1,"Spanish"
544,"The Cather In The Rye A",,"Novel,  ","Macmillan",1/3/2009,28968208.9,194.2,"French"
546,"The Chemist A","Stephenie Meyer","Novel, ","Penguin",1/4/2009,29521282.1,197.3,"Arabic"
547,"The Choice A","Nicholas Sparks","Novel, Romance","Simon and Schuster",1/5/2009,30074355.3,200.4,"Portugese"
558,"The Diary Of A Young Girl A","Anna Frank","Diary, Biography, History","Pearson",1/6/2009,30627428.5,203.5,"Russian"
564,"The Essential Rumi A",,"Novel,  ","Faber & Faber",1/7/2009,31180501.7,206.6,"Mandarine"
565,"The Faftle Of Short Stories A",,"Novel,  ","HarperCollins",1/8/2009,31733574.9,209.7,"Spanish"
568,"The Finisher A","David Baldacci","Novel,","Macmillan",1/9/2009,32286648.1,212.8,"English"
569,"The First Muslim A","Lesley Hazleton","Novel,","Penguin",1/10/2009,32839721.3,215.9,"English"
581,"The Girl You Left Behind A","Jojo Moyes","Novel,","Simon and Schuster",1/11/2009,33392794.5,219,"Hindi"
617,"The Life And Times Of Hercele Points A",,"Novel,  ","Pearson",1/12/2009,33945867.7,222.1,"Bangla"
634,"The Namesake A","Jhumpa Lahiri","Novel,  ","Faber & Faber",1/13/2009,34498940.9,225.2,"English"
646,"The Pilgrimage A","Paulo Coelho","Novel, Adventure, Spirituality","HarperCollins",1/14/2009,35052014.1,228.3,"Spanish"
672,"The Secret Adversary A","Agatha Christie","Novel, Thriller","Macmillan",1/15/2009,35605087.3,231.4,"French"
683,"The Shining A","Stephen King","Novel","Penguin",1/16/2009,36158160.5,234.5,"Arabic"
691,"The Speed Reading Book A","Tony Buzan","Novel, ","Simon and Schuster",1/17/2009,36711233.7,237.6,"Portugese"
701,"The Sun And Her Flowers A","Rupi Kaur","Poetry,","Pearson",1/18/2009,37264306.9,240.7,"Russian"
714,"The Very Best Of APJ Abdul Kalam A","A P J Abdul Kalam","Novel,  Inspiration/Motivation","Faber & Faber",1/19/2009,37817380.1,243.8,"Mandarine"
727,"They Came To Baghdad A","Agatha Christie","Novel, Thriller","HarperCollins",1/20/2009,38370453.3,246.9,"Spanish"
737,"Timeless Tales Of Gods And Heroes A","Edith Hamilton","Mythology, Novel, Mystery","Macmillan",1/21/2009,38923526.5,250,"English"
743,"Towards Zero A","Agatha Christie","Novel, Thriller","Penguin",1/22/2009,39476599.7,253.1,"English"
748,"Turning Points A","A P J Abdul Kalam","Novel,  Inspiration/Motivation","Simon and Schuster",1/23/2009,40029672.9,256.2,"Hindi"
765,"Veronika Decides To Die A","Paulo Coelho","Novel, Adventure, Spirituality","Pearson",1/24/2009,40582746.1,259.3,"Bangla"
781,"Wings Of Fire A","A P J Abdul Kalam","Novel,  Inspiration/Motivation","Faber & Faber",1/25/2009,41135819.3,262.4,"English"
785,"World's Great Short Stories A",,"Novel,  ","HarperCollins",1/26/2009,41688892.5,265.5,"Spanish"
787,"You Are Born To Blossom A","A P J Abdul Kalam","Novel,  Inspiration/Motivation","Macmillan",1/27/2009,42241965.7,268.6,"French"
2,"13 Reasons Why M","Jay Asher","Novel,  ","Penguin",1/28/2009,42795038.9,271.7,"Arabic"
4,"1971 M",,"Novel,  ","Simon and Schuster",1/29/2009,43348112.1,274.8,"Portugese"
18,"A Brief History Of Seven Killings M","Marlon James","Science,","Pearson",1/30/2009,43901185.3,277.9,"Russian"
19,"A Brief History Of Time M","Stephen Hawking","Novel,  ","Faber & Faber",1/31/2009,44454258.5,281,"Mandarine"
21,"A Country Of First Boys M","Amartya Sen","Analytical, Academic, Social Science, Philosophy","HarperCollins",2/1/2009,45007331.7,284.1,"Spanish"
23,"A History Of God M","Karen Armstrong","Religion, Aethism, Hinduism","Macmillan",2/2/2009,45560404.9,287.2,"English"
25,"A Prisoner Of Birth M","Jeffrey Archer","Novel,","Penguin",2/3/2009,46113478.1,290.3,"English"
28,"A Thousand Splendid Suns M","Khaled Hossain","Novel,  ","Simon and Schuster",2/4/2009,46666551.3,293.4,"Hindi"
31,"A Walk To Remember M","Nicholas Sparks","Novel,","Pearson",2/5/2009,47219624.5,296.5,"Bangla"
34,"A Wild Sheep Chase M","Haruki Murakami","Novel","Faber & Faber",2/6/2009,47772697.7,299.6,"English"
37,"Adultery M","Paulo Coelho","Novel,  ","HarperCollins",2/7/2009,48325770.9,302.7,"Spanish"
39,"Advance Of Karetis M","John Green","Novel,  ","Macmillan",2/8/2009,48878844.1,305.8,"French"
40,"Adventure Of Robin Hood M",,"Novel,  ","Penguin",2/9/2009,49431917.3,308.9,"Arabic"
46,"Aleph M","Paulo Coelho","Novel,  ","Simon and Schuster",2/10/2009,49984990.5,312,"Portugese"
47,"Alice In The Wonderland M","Lewis Carroll","Novel","Pearson",2/11/2009,50538063.7,315.1,"Russian"
49,"All The Light We Cannot See M","Anthony Doerr","Novel,  ","Faber & Faber",2/12/2009,51091136.9,318.2,"Mandarine"
51,"Always And Forever, Lara Jean M","Jenny Han","Novel, Romance, ","HarperCollins",2/13/2009,51644210.1,321.3,"Spanish"
53,"An Abundance Of Katherines M","John Green","Novel, Thriller","Macmillan",2/14/2009,52197283.3,324.4,"English"
55,"An Auto Biography Of Gandhi M","Gandhi","Novel,  ","Penguin",2/15/2009,52750356.5,327.5,"English"
56,"An Era Of Darkness  M","Shashi Tharoor","History","Simon and Schuster",2/16/2009,53303429.7,330.6,"Hindi"
58,"An The Lighting Thief M","Percy Jackson","Novel,  ","Pearson",2/17/2009,53856502.9,333.7,"Bangla"
59,"An Uncertain Glory India And Its Contradictions M","Amartya Sen, Jean Dreze","Analytical, Academic, Social Science, Philosophy","Faber & Faber",2/18/2009,54409576.1,336.8,"English"
61,"And The Battle Of The Labyrinth M","Percy Jackson","Novel,  ","HarperCollins",2/19/2009,54962649.3,339.9,"Spanish"
62,"And The Mountain Echoed M","Khaled Hossain","Novel,  ","Macmillan",2/20/2009,55515722.5,343,"French"
64,"And The Sea Of Monsters M","Percy Jackson","Novel,  ","Penguin",2/21/2009,56068795.7,346.1,"Arabic"
65,"And The Titan's Olympian M","Percy Jackson","Novel,  ","Simon and Schuster",2/22/2009,56621868.9,349.2,"Portugese"
68,"Angels And Demons M","Dan Brown","Novel, Thriller","Pearson",2/23/2009,57174942.1,352.3,"Russian"
73,"Art Of War M","San Zhu","Novel,  ","Faber & Faber",2/24/2009,57728015.3,355.4,"Mandarine"
77,"Bangladesh Liberation War M",,"Novel,  ","HarperCollins",2/25/2009,58281088.5,358.5,"Spanish"
81,"Banker To The Poor  M","Muhammad Yunus","Biography","Macmillan",2/26/2009,58834161.7,361.6,"English"
86,"Black Beauty M","Anna Sewell","Novel,  ","Penguin",2/27/2009,59387234.9,364.7,"English"
87,"Blink  M","Malcolm Gladwell","Novel","Simon and Schuster",2/28/2009,59940308.1,367.8,"Hindi"
90,"Breaking Down M","Stephen Meyer","Novel,  ","Pearson",3/1/2009,60493381.3,370.9,"Bangla"
91,"Brick Lane M","Monica Ali","Biography,","Faber & Faber",3/2/2009,61046454.5,374,"English"
93,"Brida M","Paulo Coelho","Novel, Spirituality","HarperCollins",3/3/2009,61599527.7,377.1,"Spanish"
94,"Brisingr M","Christopher Paolini","Novel, Thriller","Macmillan",3/4/2009,62152600.9,380.2,"French"
95,"Building Social Bussiness M","Muhammad Yunus","Novel, Business","Penguin",3/5/2009,62705674.1,383.3,"Arabic"
99,"Casual Vacancy M","J K Rowling","Drama, Novel","Simon and Schuster",3/6/2009,63258747.3,386.4,"Portugese"
101,"Catching Fire M","Suzanner Collins","Novel,  ","Pearson",3/7/2009,63811820.5,389.5,"Russian"
107,"Chasing Tomorrow M","Sidney Sheldon","Novel, Romance","Faber & Faber",3/8/2009,64364893.7,392.6,"Mandarine"
118,"Confess  M","Colleen Hoover","Novel,","HarperCollins",3/9/2009,64917966.9,395.7,"Spanish"
120,"Confessions Of A Pilgrim  M","Paulo Coelho","Biography","Macmillan",3/10/2009,65471040.1,398.8,"English"
129,"Dark Arena M","Mario Puzo","Novel","Penguin",3/11/2009,66024113.3,401.9,"English"
132,"Dear John M","Nicholas Sparks","Novel,  ","Simon and Schuster",3/12/2009,66577186.5,405,"Hindi"
134,"Deception Point  M","Dan Brown","Novel, Thriller","Pearson",3/13/2009,67130259.7,408.1,"Bangla"
136,"Decision Points M","Hilary Clinton","Novel,  ","Faber & Faber",3/14/2009,67683332.9,411.2,"English"
141,"Development As Freedom M","Amartya Sen","Analytical, Academic, Social Science, Philosophy","HarperCollins",3/15/2009,68236406.1,414.3,"Spanish"
143,"Didi A Political Biography M","Monobina Gupta","Biography","Macmillan",3/16/2009,68789479.3,417.4,"French"
144,"Digital Fortress M","Dan Brown","Novel,  ","Penguin",3/17/2009,69342552.5,420.5,"Arabic"
148,"Dork Diaries M",,"Novel,  ","Simon and Schuster",3/18/2009,69895625.7,423.6,"Portugese"
150,"Dreams From My Father M","Barak H. Obama","Novel,  ","Pearson",3/19/2009,70448698.9,426.7,"Russian"
151,"Eat Pray Love M","Elizabeth Gilbert","Novel, Romance","Faber & Faber",3/20/2009,71001772.1,429.8,"Mandarine"
154,"Eat That Frog M","Brian Tracy","Novel, Inspiration/Motivation","HarperCollins",3/21/2009,71554845.3,432.9,"Spanish"
156,"Eclipse M","Stephen Meyer","Novel,  ","Macmillan",3/22/2009,72107918.5,436,"English"
158,"Eleanor And Park M","Rainbow Rowell","Novel, Thriller","Penguin",3/23/2009,72660991.7,439.1,"English"
160,"Eleven Minutes M","Paulo Coelho","Novel,  ","Simon and Schuster",3/24/2009,73214064.9,442.2,"Hindi"
163,"Emotional Intelligence M","Daniel Goleman","Novel, Romance, ","Pearson",3/25/2009,73767138.1,445.3,"Bangla"
167,"Everything Everything M","Nicola Yoon","Novel, Romance","Faber & Faber",3/26/2009,74320211.3,448.4,"English"
170,"Fantastic Beasts  M","J K Rowling","Thriller, Story, Drama","HarperCollins",3/27/2009,74873284.5,451.5,"Spanish"
172,"Father Of The Nation M",,"Novel,  ","Macmillan",3/28/2009,75426357.7,454.6,"French"
173,"Fifty Shades Of Darker M","E L James","Novel, Drama","Penguin",3/29/2009,75979430.9,457.7,"Arabic"
175,"Fifty Shades Of Gray M","E L James","Novel, Drama","Simon and Schuster",3/30/2009,76532504.1,460.8,"Portugese"
180,"Fire And Fury M","Michael Wolff","Biography","Pearson",3/31/2009,77085577.3,463.9,"Russian"
182,"Five Point Someone M","Chetan Bhagat","Novel,  ","Faber & Faber",4/1/2009,77638650.5,467,"Mandarine"
185,"Ford County M","John Grisham","Novel, Story","HarperCollins",4/2/2009,78191723.7,470.1,"Spanish"
187,"Foundatin's Edge M","Isaac Asimov","Novel,  ","Macmillan",4/3/2009,78744796.9,473.2,"English"
188,"Foundation And Earth M","Isaac Asimov","Novel,  ","Penguin",4/4/2009,79297870.1,476.3,"English"
190,"Foundation And Empire M","Isaac Asimov","Novel,  ","Simon and Schuster",4/5/2009,79850943.3,479.4,"Hindi"
192,"Fountain's Edge M","Isaac Asimov","Novel, Thriller","Pearson",4/6/2009,80404016.5,482.5,"Bangla"
197,"Freedom At Midnight M","Lapierre Larry Collins","Novel","Faber & Faber",4/7/2009,80957089.7,485.6,"English"
199,"Game Of Thrones M","R R Martin","Thriller, Story, Drama","HarperCollins",4/8/2009,81510162.9,488.7,"Spanish"
207,"Go Set A Watchman M","Harper Lee","Novel, Thriller","Macmillan",4/9/2009,82063236.1,491.8,"French"
209,"God Father The Lost Years M","Mario Puzo","Novel","Penguin",4/10/2009,82616309.3,494.9,"Arabic"
217,"Goodbye Shahzadi M","Shyam Bhatia","Novel,","Simon and Schuster",4/11/2009,83169382.5,498,"Portugese"
218,"Goodwill's 50 Detective Stories M","Goodwill","Thriller, Story, Drama","Pearson",4/12/2009,83722455.7,501.1,"Russian"
219,"Goodwill's 50 Ghost Stories M","Goodwill","Horror, Story","Faber & Faber",4/13/2009,84275528.9,504.2,"Mandarine"
220,"Goodwill's 50 Horror Stories M","Goodwill","Horror, Story","HarperCollins",4/14/2009,84828602.1,507.3,"Spanish"
222,"Goosebumps - 01 M","R. L. Stine","Novel,  ","Macmillan",4/15/2009,85381675.3,510.4,"English"
223,"Goosebumps - 02 M","R. L. Stine","Novel,  ","Penguin",4/16/2009,85934748.5,513.5,"English"
224,"Goosebumps - 03 M","R. L. Stine","Novel,  ","Simon and Schuster",4/17/2009,86487821.7,516.6,"Hindi"
225,"Goosebumps - 04 M","R. L. Stine","Novel,  ","Pearson",4/18/2009,87040894.9,519.7,"Bangla"
226,"Goosebumps - 05 M","R. L. Stine","Novel,  ","Faber & Faber",4/19/2009,87593968.1,522.8,"English"
227,"Goosebumps - 06 M","R. L. Stine","Novel,  ","HarperCollins",4/20/2009,88147041.3,525.9,"Spanish"
228,"Goosebumps - 07 M","R. L. Stine","Novel,  ","Macmillan",4/21/2009,88700114.5,529,"French"
229,"Goosebumps - 08 M","R. L. Stine","Novel,  ","Penguin",4/22/2009,89253187.7,532.1,"Arabic"
230,"Goosebumps - 09 M","R. L. Stine","Novel,  ","Simon and Schuster",4/23/2009,89806260.9,535.2,"Portugese"
231,"Goosebumps - 10 M","R. L. Stine","Novel,  ","Pearson",4/24/2009,90359334.1,538.3,"Russian"
232,"Goosebumps 10  M","R. L. Stine","Novel,  ","Faber & Faber",4/25/2009,90912407.3,541.4,"Mandarine"
234,"Grow Rich With Peace Of Mind M","Napoleon Hill","Inspiration/Motivation","HarperCollins",4/26/2009,91465480.5,544.5,"Spanish"
236,"Habit Of Highly Effective People M","S R Covey","Inspiration/Motivation","Macmillan",4/27/2009,92018553.7,547.6,"English"
238,"Half Girlfriend M","Chetan Bhagat","Novel,","Penguin",4/28/2009,92571626.9,550.7,"English"
240,"Hard Choices M","Hilary Clinton","Biography, Philosophy","Simon and Schuster",4/29/2009,93124700.1,553.8,"Hindi"
242,"Harry Potter And The Chamber Of Secrets - 2 M","J. K. Rawling","Novel,  ","Pearson",4/30/2009,93677773.3,556.9,"Bangla"
243,"Harry Potter and The Cursed Child- 8 M","J. K. Rawling","Novel,","Faber & Faber",5/1/2009,94230846.5,560,"English"
244,"Harry Potter And The Deathly Hollows - 7 M","J. K. Rawling","Novel,  ","HarperCollins",5/2/2009,94783919.7,563.1,"Spanish"
246,"Harry Potter And The Goblet Of Fire - 4 M","J. K. Rawling","Novel,  ","Macmillan",5/3/2009,95336992.9,566.2,"French"
247,"Harry Potter And The Half Blood Prince - 6 M","J. K. Rawling","Novel,  ","Penguin",5/4/2009,95890066.1,569.3,"Arabic"
248,"Harry Potter And The Order Of The Phoenix - 5 M","J. K. Rawling","Novel,  ","Simon and Schuster",5/5/2009,96443139.3,572.4,"Portugese"
249,"Harry Potter And The Philosopher's Stone - 1 M","J. K. Rawling","Novel,  ","Pearson",5/6/2009,96996212.5,575.5,"Russian"
250,"Harry Potter And The Prisoner Of Azkaban - 3 M","J. K. Rawling","Novel,  ","Faber & Faber",5/7/2009,97549285.7,578.6,"Mandarine"
251,"The Casual Vacancy M","J. K. Rawling","Novel,  ","HarperCollins",5/8/2009,98102358.9,581.7,"Spanish"
252,"His Dark Materials M","Philip Pullman","Horror, Story","Macmillan",5/9/2009,98655432.1,584.8,"English"
253,"History Of God M","Karen Armstrong","Religion, Aethism, Hinduism","Penguin",5/10/2009,99208505.3,587.9,"English"
254,"Homo Deus M","Yuval Noah Harari","Novel","Simon and Schuster",5/11/2009,99761578.5,591,"Hindi"
256,"Horrorland 01 M","R L Stine","Adventure, Novel, Drama, Thriller, Horror","Pearson",5/12/2009,100314651.7,594.1,"Bangla"
257,"Horrorland 02 M","R L Stine","Adventure, Novel, Drama, Thriller, Horror","Faber & Faber",5/13/2009,100867724.9,597.2,"English"
258,"Horrorland 03 M","R L Stine","Adventure, Novel, Drama, Thriller, Horror","HarperCollins",5/14/2009,101420798.1,600.3,"Spanish"
259,"Horrorland 04 M","R L Stine","Adventure, Novel, Drama, Thriller, Horror","Macmillan",5/15/2009,101973871.3,603.4,"French"
260,"Horrorland 05 M","R L Stine","Adventure, Novel, Drama, Thriller, Horror","Penguin",5/16/2009,102526944.5,606.5,"Arabic"
261,"Horrorland 06 M","R L Stine","Adventure, Novel, Drama, Thriller, Horror","Simon and Schuster",5/17/2009,103080017.7,609.6,"Portugese"
262,"Horrorland 07 M","R L Stine","Adventure, Novel, Drama, Thriller, Horror","Pearson",5/18/2009,103633090.9,612.7,"Russian"
263,"Horrorland 08 M","R L Stine","Adventure, Novel, Drama, Thriller, Horror","Faber & Faber",5/19/2009,104186164.1,615.8,"Mandarine"
264,"Horrorland 09 M","R L Stine","Adventure, Novel, Drama, Thriller, Horror","HarperCollins",5/20/2009,104739237.3,618.9,"Spanish"
265,"Horrorland 10 M","R L Stine","Adventure, Novel, Drama, Thriller, Horror","Macmillan",5/21/2009,105292310.5,622,"English"
268,"How To Stop Worrying And Start Living M","Dale Carnegie","Inspiration/Motivation","Penguin",5/22/2009,105845383.7,625.1,"English"
271,"How To Win Friends And Influence People M","Dale Carnegie","Inspiration/Motivation","Simon and Schuster",5/23/2009,106398456.9,628.2,"Hindi"
273,"I Am Malala M","Malala Yousufzi","Biography, ","Pearson",5/24/2009,106951530.1,631.3,"Bangla"
279,"Ignited Minds M","A P J Abdul Kalam","Novel,  Inspiration/Motivation","Faber & Faber",5/25/2009,107504603.3,634.4,"English"
282,"In The Light Of Our M","Zia Haider","History","HarperCollins",5/26/2009,108057676.5,637.5,"Spanish"
283,"In The Light Of What We Know M","Zia Haider Rahman","Novel, History","Macmillan",5/27/2009,108610749.7,640.6,"French"
284,"India M","Chetan Bhagat","Novel,  ","Penguin",5/28/2009,109163822.9,643.7,"Arabic"
286,"Inferno M","Dan Brown","Thriller","Simon and Schuster",5/29/2009,109716896.1,646.8,"Portugese"
290,"Islam A Short Story M","Karen Armstrong","Religion, Islam","Pearson",5/30/2009,110269969.3,649.9,"Russian"
293,"It Ends With Us M","Colleen Hoover","Novel,","Faber & Faber",5/31/2009,110823042.5,653,"Mandarine"
300,"Kafka On The Shore M","Haruki Murakami","Novel,","HarperCollins",6/1/2009,111376115.7,656.1,"Spanish"
309,"Kite Runner M","Khaled Hossain","Novel,  ","Macmillan",6/2/2009,111929188.9,659.2,"English"
312,"Let It Snow M","John Green","Novel, Drama, Romance","Penguin",6/3/2009,112482262.1,662.3,"English"
313,"Liberation Of Bangladesh M","B Z Khusru","History","Simon and Schuster",6/4/2009,113035335.3,665.4,"Hindi"
314,"Life M","Paulo Coelho","Biography,","Pearson",6/5/2009,113588408.5,668.5,"Bangla"
316,"Like A Diamond In The Sky M","Audrey Peyton","Novel,  ","Faber & Faber",6/6/2009,114141481.7,671.6,"English"
318,"Little Women M","Louisa M Alcott","Novel","HarperCollins",6/7/2009,114694554.9,674.7,"Spanish"
321,"Long Walk To Freedom M","Nelson Mandela","Biography","Macmillan",6/8/2009,115247628.1,677.8,"French"
324,"Looking For Alaska M","John Green","Novel,  ","Penguin",6/9/2009,115800701.3,680.9,"Arabic"
327,"Lost Symbol M","Dan Brown","Thriller","Simon and Schuster",6/10/2009,116353774.5,684,"Portugese"
330,"Love Not For Sale M","Anurag Garg","Novel,  ","Pearson",6/11/2009,116906847.7,687.1,"Russian"
333,"Love, Not For Sale M","Anurag Garg","Novel, Romance, ","Faber & Faber",6/12/2009,117459920.9,690.2,"Mandarine"
336,"Mannual Of The Warrior Of Light M","Paulo Coelho","Novel, Spirituality","HarperCollins",6/13/2009,118012994.1,693.3,"Spanish"
339,"Manuscript Found In Accra M","Paulo Coelho","Novel, Mystery","Macmillan",6/14/2009,118566067.3,696.4,"English"
341,"Master Of The Game M","Sidney Sheldon","Novel, Romance","Penguin",6/15/2009,119119140.5,699.5,"English"
344,"Maybe Someday M","Colleen Hoover","Novel,","Simon and Schuster",6/16/2009,119672213.7,702.6,"Hindi"
346,"Me Before You M","Jojo Moyes","Novel,","Pearson",6/17/2009,120225286.9,705.7,"Bangla"
348,"Mein Kampf M","Adolf Hitler","Biography","Faber & Faber",6/18/2009,120778360.1,708.8,"English"
357,"Milk And Honey M","Rupi Kaur","Poetry,","HarperCollins",6/19/2009,121331433.3,711.9,"Spanish"
359,"Mind Power M","John Kehoe","Inspiration/Motivation","Macmillan",6/20/2009,121884506.5,715,"French"
360,"Mocking Jay M","Suzanner Collins","Novel,  ","Penguin",6/21/2009,122437579.7,718.1,"Arabic"
361,"Modi M","John Kehoe","Biography","Simon and Schuster",6/22/2009,122990652.9,721.2,"Portugese"
362,"Mohammad M","Karen Armstrong","Religion, Biography","Pearson",6/23/2009,123543726.1,724.3,"Russian"
369,"My Brief History M","Stephen Hawking","Biography","Faber & Faber",6/24/2009,124096799.3,727.4,"Mandarine"
370,"My Experiments With Truth M","Gandhi","Biography, ","HarperCollins",6/25/2009,124649872.5,730.5,"Spanish"
371,"My Journey M","A P J Abdul Kalam","Novel,  Inspiration/Motivation","Macmillan",6/26/2009,125202945.7,733.6,"English"
375,"Myths And Facts Bangladesh Liberation War M","B Z Khasru","History","Penguin",6/27/2009,125756018.9,736.7,"English"
381,"New Moon M","Stephen Meyer","Novel,  ","Simon and Schuster",6/28/2009,126309092.1,739.8,"Hindi"
384,"No Easy Day Navy Seal Mission That Killed Laden M","Mark Owen","Novel, History","Pearson",6/29/2009,126862165.3,742.9,"Bangla"
386,"Norwegian Wood  M","Haruki Murakami","Novel","Faber & Faber",6/30/2009,127415238.5,746,"English"
394,"Olympus The Son Of Neptune M","Percy Jackson","Novel,  ","HarperCollins",7/1/2009,127968311.7,749.1,"Spanish"
398,"One Day At A Time M","Danielle Steel","Novel, Thriller","Macmillan",7/2/2009,128521384.9,752.2,"French"
400,"One Hundred Year Of Solitude M","Gabriel Garcia Marquez","Novel,  ","Penguin",7/3/2009,129074458.1,755.3,"Arabic"
402,"One Indian Girl M","Chetan Bhagat","Novel,","Simon and Schuster",7/4/2009,129627531.3,758.4,"Portugese"
405,"One Night @ The Call Centre M","Chetan Bhagat","Novel,  ","Pearson",7/5/2009,130180604.5,761.5,"Russian"
411,"Origin M","Dan Brown","Novel, Thriller","Faber & Faber",7/6/2009,130733677.7,764.6,"Mandarine"
412,"Outliers M","Malcolm Gladwell","Novel","HarperCollins",7/7/2009,131286750.9,767.7,"Spanish"
416,"P S I Love M","Cecelia Ahern","Novel, Romance, ","Macmillan",7/8/2009,131839824.1,770.8,"English"
417,"P S I Still Love You M","Jenny Han","Novel, Romance, ","Penguin",7/9/2009,132392897.3,773.9,"English"
418,"Paper Towns M","John Green","Novel, Drama, Romance","Simon and Schuster",7/10/2009,132945970.5,777,"Hindi"
423,"Party Times M","John Green","Novel, Drama, Romance","Pearson",7/11/2009,133499043.7,780.1,"Bangla"
424,"Percy Jackson And The Greek M","Rick Riordan","Novel, Thriller","Faber & Faber",7/12/2009,134052116.9,783.2,"English"
426,"Perfect M","Judith Mcnaucht","Novel,  ","HarperCollins",7/13/2009,134605190.1,786.3,"Spanish"
427,"Performance M",,"Novel,  ","Macmillan",7/14/2009,135158263.3,789.4,"French"
435,"Pop Stars M",,"Novel,  ","Penguin",7/15/2009,135711336.5,792.5,"Arabic"
436,"Positive Thinking M",,"Inspiration/Motivation","Simon and Schuster",7/16/2009,136264409.7,795.6,"Portugese"
440,"Prelude To Foundation M","Isaac Asimov","Novel,  ","Pearson",7/17/2009,136817482.9,798.7,"Russian"
443,"Procrastination M","Jane Burka","Novel","Faber & Faber",7/18/2009,137370556.1,801.8,"Mandarine"
447,"Revolution 2020 M","Chetan Bhagat","Novel,  ","HarperCollins",7/19/2009,137923629.3,804.9,"Spanish"
449,"Rich Dad Poor Dad M","Robert Kiyosaki","Novel, Thriller","Macmillan",7/20/2009,138476702.5,808,"English"
454,"Road To Success M","Napoleon Hill","Inspiration/Motivation","Penguin",7/21/2009,139029775.7,811.1,"English"
460,"Sachin Tendulkar M","Sachin Tendulkar","Biography","Simon and Schuster",7/22/2009,139582848.9,814.2,"Hindi"
463,"Sapiens M","Yuval Noah Harari","Novel","Pearson",7/23/2009,140135922.1,817.3,"Bangla"
469,"Second Life M","Stephen Meyer","Novel,  ","Faber & Faber",7/24/2009,140688995.3,820.4,"English"
474,"Sherlock Holmes M","Arthur Conan Doyle","Adventure, Novel, Drama, Thriller","HarperCollins",7/25/2009,141242068.5,823.5,"Spanish"
477,"Silent House M","Orhan Pamuk","Novel,  ","Macmillan",7/26/2009,141795141.7,826.6,"French"
481,"Snow M","Orhan Pamuk","Novel,  ","Penguin",7/27/2009,142348214.9,829.7,"Arabic"
484,"Sonia M",,"Novel,  ","Simon and Schuster",7/28/2009,142901288.1,832.8,"Portugese"
485,"Sophie's World M","Jostein Gaarder","Philosophy, Novel, Thriller","Pearson",7/29/2009,143454361.3,835.9,"Russian"
491,"Spy M","Paulo Coelho","Novel,  ","Faber & Faber",7/30/2009,144007434.5,839,"Mandarine"
497,"Stephen Hawking His Life And Work M","Kitty Ferguson","Biography","HarperCollins",7/31/2009,144560507.7,842.1,"Spanish"
498,"Stephen Hawking His Life And Work M","Kitty Ferguson","Novel,  ","Macmillan",8/1/2009,145113580.9,845.2,"English"
500,"Steve Jobs M","Walter Isaacson","Novel,  ","Penguin",8/2/2009,145666654.1,848.3,"English"
505,"The 3 Law Of Performance M","Steve Zaffron, Dave Logan","Motivational","Simon and Schuster",8/3/2009,146219727.3,851.4,"Hindi"
507,"The 3 Mistakes Of My Life M","Chetan Bhagat","Inspiration/Motivation","Pearson",8/4/2009,146772800.5,854.5,"Bangla"
509,"The 7 Habits M","Stephen R Covey","Motivational","Faber & Faber",8/5/2009,147325873.7,857.6,"English"
511,"The Adventure Of Robin Hood M","R L Green","Adventure, Novel, Drama, Thriller","HarperCollins",8/6/2009,147878946.9,860.7,"Spanish"
514,"The Alchemist M","Paulo Coelho","Novel, Adventure, Spirituality","Macmillan",8/7/2009,148432020.1,863.8,"French"
517,"The Appel M","John Grisham","Novel,  ","Penguin",8/8/2009,148985093.3,866.9,"Arabic"
518,"The Argumentative Indians M","Amartya Sen","Social Science, ","Simon and Schuster",8/9/2009,149538166.5,870,"Portugese"
520,"The Art Of Thinking Clearly M","Rolf Dobelli","Inspiration/Motivation","Pearson",8/10/2009,150091239.7,873.1,"Russian"
521,"The Art Of War M","Sun Tzu","Novel, History","Faber & Faber",8/11/2009,150644312.9,876.2,"Mandarine"
523,"The Audacity Of Hope M","Barak H. Obama","Novel,  ","HarperCollins",8/12/2009,151197386.1,879.3,"Spanish"
525,"The Bangladesh Military Coup M","B Z Khasru","History","Macmillan",8/13/2009,151750459.3,882.4,"English"
530,"The Best Of Me M","Nicholas Sparks","Novel,  ","Penguin",8/14/2009,152303532.5,885.5,"English"
533,"The Blood Telegram M","Garry G. Bass","History","Simon and Schuster",8/15/2009,152856605.7,888.6,"Hindi"
535,"The Book Thief M","Markus Zusak","Novel,","Pearson",8/16/2009,153409678.9,891.7,"Bangla"
537,"The Bourne Legacy M","Robert Ludlum","Novel,  ","Faber & Faber",8/17/2009,153962752.1,894.8,"English"
538,"The Bourne Supremise M","Robert Ludlum","Novel,  ","HarperCollins",8/18/2009,154515825.3,897.9,"Spanish"
539,"The Bourne Ultimatum M","Robert Ludlum","Novel, Thriller","Macmillan",8/19/2009,155068898.5,901,"French"
540,"The Case For God M","Karen Armstrong","Religion, Aethism, Hinduism","Penguin",8/20/2009,155621971.7,904.1,"Arabic"
549,"The Coalition Years M","Pranab Mukherjee","History","Simon and Schuster",8/21/2009,156175044.9,907.2,"Portugese"
556,"The Diary Of A Wimpy Kid M","Jeff Kinney","Novel,  ","Pearson",8/22/2009,156728118.1,910.3,"Russian"
559,"The Diary Of A Young Girl M","Anne Frank","Biography","Faber & Faber",8/23/2009,157281191.3,913.4,"Mandarine"
561,"The Diary Of Anna Frank M","Anna Frank","Diary, Biography, History","HarperCollins",8/24/2009,157834264.5,916.5,"Spanish"
566,"The Fault In Our Stars M","John Green","Novel, Drama, Romance","Macmillan",8/25/2009,158387337.7,919.6,"English"
572,"The Forty Rules Of Love M","Elif Shafak","Romance, Novel","Penguin",8/26/2009,158940410.9,922.7,"English"
575,"The Fourteen Hour M","John Green","Novel, Drama, Romance","Simon and Schuster",8/27/2009,159493484.1,925.8,"Hindi"
576,"The Fourth K M","Mario Puzo","Novel,  ","Pearson",8/28/2009,160046557.3,928.9,"Bangla"
578,"The Girl On The Train M","Paula Hawkins","Novel, ","Faber & Faber",8/29/2009,160599630.5,932,"English"
585,"The God Father M","Mario Puzo","Novel,  ","HarperCollins",8/30/2009,161152703.7,935.1,"Spanish"
587,"The God Of Small Things M","Arundhati Roy","Novel,","Macmillan",8/31/2009,161705776.9,938.2,"French"
589,"The Godfather, Dark Arena M","Mario Puzo","Novel,  ","Penguin",9/1/2009,162258850.1,941.3,"Arabic"
592,"The Grand Design M","Stephen Hawking","Novel,  ","Simon and Schuster",9/2/2009,162811923.3,944.4,"Portugese"
602,"The Host M","Stephen Meyer","Novel,  ","Pearson",9/3/2009,163364996.5,947.5,"Russian"
603,"The Hunger Games M","Suzanner Collins","Novel,  ","Faber & Faber",9/4/2009,163918069.7,950.6,"Mandarine"
605,"The Idea Of Justice M","Amartya Sen","Analytical, Academic, Social Science, Philosophy","HarperCollins",9/5/2009,164471142.9,953.7,"Spanish"
606,"The Inferno M","Dan Brown","Novel, Thriller","Macmillan",9/6/2009,165024216.1,956.8,"English"
611,"The King Of Torts M","John Grisham","Novel,  ","Penguin",9/7/2009,165577289.3,959.9,"English"
612,"The Kite Runner M","Khaled Hossain","Novel,  ","Simon and Schuster",9/8/2009,166130362.5,963,"Hindi"
614,"The Last Don M","Mario Puzo","Novel,  ","Pearson",9/9/2009,166683435.7,966.1,"Bangla"
622,"The Lost Symbal M","Dan Brown","Novel, Thriller","Faber & Faber",9/10/2009,167236508.9,969.2,"English"
628,"The Ministry Of Utmost Happiness  M","Arundhati Roy","Novel,","HarperCollins",9/11/2009,167789582.1,972.3,"Spanish"
630,"The Miracle Morning M","Hal Elrod","Novel, Thriller","Macmillan",9/12/2009,168342655.3,975.4,"French"
633,"The Naked Face M","Sidney Sheldon","Novel, Romance","Penguin",9/13/2009,168895728.5,978.5,"Arabic"
636,"The Narrow Road To The Deep North M","Richard Flanagan","Novel, Thriller","Simon and Schuster",9/14/2009,169448801.7,981.6,"Portugese"
637,"The Notebook M","Nicholas Sparks","Novel, Romance","Pearson",9/15/2009,170001874.9,984.7,"Russian"
639,"The Old Man And The Sea M","Ernest Hemingway","Novel, Inspiration/Motivation","Faber & Faber",9/16/2009,170554948.1,987.8,"Mandarine"
641,"The Other Side Of Midnight M","Sidney Sheldon","Novel, Romance","HarperCollins",9/17/2009,171108021.3,990.9,"Spanish"
642,"The Partner M","John Grisham","Novel,  ","Macmillan",9/18/2009,171661094.5,994,"English"
643,"The Path To Personal Power M","Napoleon Hill","Inspiration/Motivation","Penguin",9/19/2009,172214167.7,997.1,"English"
644,"The Perks Of Being A Wallflower M","Stephen Chbosky","Novel, Romance, ","Simon and Schuster",9/20/2009,172767240.9,1000.2,"Hindi"
647,"The Power Of Habit M","Charles Duhigg","Biography, Philosophy","Pearson",9/21/2009,173320314.1,1003.3,"Bangla"
649,"The Power Of Now M","Eckhart Tolle","Inspiration/Motivation","Faber & Faber",9/22/2009,173873387.3,1006.4,"English"
651,"The Power Of Positive Thinking M","Norman Vincent Peale","Inspiration/Motivation","HarperCollins",9/23/2009,174426460.5,1009.5,"Spanish"
652,"The Power Of Your Subconscious Mind M","Joseph Murphy","Inspiration/Motivation","Macmillan",9/24/2009,174979533.7,1012.6,"French"
654,"The Princess Diaries M","Mge Cabot","Novel, comic","Penguin",9/25/2009,175532606.9,1015.7,"Arabic"
655,"The Princess Diaries- Series 01 M","Mge Cabot","Novel, comic","Simon and Schuster",9/26/2009,176085680.1,1018.8,"Portugese"
656,"The Princess Diaries- Series 02 M","Mge Cabot","Novel, comic","Pearson",9/27/2009,176638753.3,1021.9,"Russian"
657,"The Princess Diaries- Series 03 M","Mge Cabot","Novel, comic","Faber & Faber",9/28/2009,177191826.5,1025,"Mandarine"
658,"The Princess Diaries- Series 04 M","Mge Cabot","Novel, comic","HarperCollins",9/29/2009,177744899.7,1028.1,"Spanish"
659,"The Princess Diaries- Series 05 M","Mge Cabot","Novel, comic","Macmillan",9/30/2009,178297972.9,1031.2,"English"
660,"The Princess Diaries- Series 06 M","Mge Cabot","Novel, comic","Penguin",10/1/2009,178851046.1,1034.3,"English"
661,"The Princess Diaries- Series 07 M","Mge Cabot","Novel, comic","Simon and Schuster",10/2/2009,179404119.3,1037.4,"Hindi"
662,"The Princess Diaries- Series 08 M","Mge Cabot","Novel, comic","Pearson",10/3/2009,179957192.5,1040.5,"Bangla"
663,"The Princess Diaries- Series 09 M","Mge Cabot","Novel, comic","Faber & Faber",10/4/2009,180510265.7,1043.6,"English"
664,"The Princess Diaries- Series 10 M","Mge Cabot","Novel, comic","HarperCollins",10/5/2009,181063338.9,1046.7,"Spanish"
666,"The Red Haired Woman M","Orhan Pamuk","Novel,","Macmillan",10/6/2009,181616412.1,1049.8,"French"
667,"The Returns M","L J Smith","Novel","Penguin",10/7/2009,182169485.3,1052.9,"Arabic"
669,"The Robots Of Dawn M","Isaac Asimov","Novel,  ","Simon and Schuster",10/8/2009,182722558.5,1056,"Portugese"
674,"The Secret History M","Donna Tartt","History, Thriller","Pearson",10/9/2009,183275631.7,1059.1,"Russian"
675,"The Secret History Of The World M","Jonathan Black","History, Thriller","Faber & Faber",10/10/2009,183828704.9,1062.2,"Mandarine"
678,"The Secret M","Rhonda Byme","Novel, Thriller","HarperCollins",10/11/2009,184381778.1,1065.3,"Spanish"
684,"The Shining M","Stephen King","Novel","Macmillan",10/12/2009,184934851.3,1068.4,"English"
686,"The Short Second Life Of Bree Tanner M","Stephenie Meyer","Motivational","Penguin",10/13/2009,185487924.5,1071.5,"English"
687,"The Sicilian M","Mario Puzo","Novel,  ","Simon and Schuster",10/14/2009,186040997.7,1074.6,"Hindi"
693,"The Spy M","Paulo Coelho","Novel, Adventure, Spirituality","Pearson",10/15/2009,186594070.9,1077.7,"Bangla"
695,"The Stars Shine Down M","Sidney Sheldon","Novel, Romance","Faber & Faber",10/16/2009,187147144.1,1080.8,"English"
696,"The Stranger M","Albert Camus","Novel","HarperCollins",10/17/2009,187700217.3,1083.9,"Spanish"
697,"The Subtle Art Of Not To Give A Fuck M","Mark Manson","Novel,  ","Macmillan",10/18/2009,188253290.5,1087,"French"
698,"The Subtle Art Of Not To Give A Fuck M","Mark Manson","Novel,","Penguin",10/19/2009,188806363.7,1090.1,"Arabic"
702,"The Sun Is Also A Star M","Nicola Yoon","Novel,","Simon and Schuster",10/20/2009,189359436.9,1093.2,"Portugese"
705,"The Theory Of Everything M","Stephen Hawking","Novel,  ","Pearson",10/21/2009,189912510.1,1096.3,"Russian"
707,"The Throne Of Fire M","Percy Jackson","Novel,  ","Faber & Faber",10/22/2009,190465583.3,1099.4,"Mandarine"
708,"The Tides Of Memory M","Sidney Sheldon","Novel, Romance","HarperCollins",10/23/2009,191018656.5,1102.5,"Spanish"
711,"The Tipping Point  M","Malcolm Gladwell","Novel, Inspiration/Motivation","Macmillan",10/24/2009,191571729.7,1105.6,"English"
716,"The Vinci Code M","Dan Brown","Novel, Thriller","Penguin",10/25/2009,192124802.9,1108.7,"English"
718,"The War Of Bangladesh M","Selil Tripthi","History","Simon and Schuster",10/26/2009,192677876.1,1111.8,"Hindi"
721,"The Winner Stands Alone M","Paulo Coelho","Novel, Adventure, Spirituality","Pearson",10/27/2009,193230949.3,1114.9,"Bangla"
725,"The Zahir M","Paulo Coelho","Novel, Spirituality","Faber & Faber",10/28/2009,193784022.5,1118,"English"
726,"Theory Of Everything M","Stephen Hawking","Novel,  ","HarperCollins",10/29/2009,194337095.7,1121.1,"Spanish"
730,"Think And Grow Rich M","Napoleon Hill","Inspiration/Motivation","Macmillan",10/30/2009,194890168.9,1124.2,"French"
732,"Thinking Fast And Slow M","Daniel Kahneman","Novel, Thriller","Penguin",10/31/2009,195443242.1,1127.3,"Arabic"
734,"Thirteen Reasons Why M","Jay Asher","Novel,","Simon and Schuster",11/1/2009,195996315.3,1130.4,"Portugese"
739,"To All The Boys I've Loved Before M","Jenny Han","Novel, Romance, ","Pearson",11/2/2009,196549388.5,1133.5,"Russian"
740,"To Kill A Mockingbird M","Harper Lee","Novel, Drama","Faber & Faber",11/3/2009,197102461.7,1136.6,"Mandarine"
742,"Tomorrow M",,"Novel,  ","HarperCollins",11/4/2009,197655534.9,1139.7,"Spanish"
749,"Turning Points M","A P J Abdul Kalam","Novel,  Inspiration/Motivation","Macmillan",11/5/2009,198208608.1,1142.8,"English"
750,"Turtles All The Way Down M","John Green","Novel, Drama, Romance","Penguin",11/6/2009,198761681.3,1145.9,"English"
752,"Twilight M","Stephen Meyer","Novel,  ","Simon and Schuster",11/7/2009,199314754.5,1149,"Hindi"
753,"Twilight Saga M","Stephen Meyer","Novel,  ","Pearson",11/8/2009,199867827.7,1152.1,"Bangla"
757,"Ugly Love M","Colleen Hoover","Novel, Romance","Faber & Faber",11/9/2009,200420900.9,1155.2,"English"
759,"Unaccustomed Earth M","Jhumpa Lahiri","Novel,  ","HarperCollins",11/10/2009,200973974.1,1158.3,"Spanish"
762,"Unmasked M",,"Novel,  ","Macmillan",11/11/2009,201527047.3,1161.4,"French"
763,"Vampire Diaries M","L J Smith","Novel","Penguin",11/12/2009,202080120.5,1164.5,"Arabic"
766,"Veronika Decides To Die M","Paulo Coelho","Novel, Adventure, Spirituality","Simon and Schuster",11/13/2009,202633193.7,1167.6,"Portugese"
770,"What Young India Wants M","Chetan Bhagat","Novel,","Pearson",11/14/2009,203186266.9,1170.7,"Russian"
774,"Whitney My Life M","Judith Mcnaucht","Novel,  ","Faber & Faber",11/15/2009,203739340.1,1173.8,"Mandarine"
777,"Why The Vada Seller Refuse A Sale M","Satish Mandora","Novel","HarperCollins",11/16/2009,204292413.3,1176.9,"Spanish"
779,"Will Grayson Will Grayson M","John Green","Novel, Drama, Romance","Macmillan",11/17/2009,204845486.5,1180,"English"
780,"Wind Pinball M","Haruki Murakami","Novel","Penguin",11/18/2009,205398559.7,1183.1,"English"
782,"Wings Of Fire M","A P J Abdul Kalam","Novel,  Inspiration/Motivation","Simon and Schuster",11/19/2009,205951632.9,1186.2,"Hindi"
783,"Winner Stands Alone M","Paulo Coelho","Novel, Adventure, Spirituality","Pearson",11/20/2009,206504706.1,1189.3,"Bangla"
788,"You Can If You Think You Can M","Norman Vincent Peale","Novel,  ","Faber & Faber",11/21/2009,207057779.3,1192.4,"English"
789,"You Can Win M","Shiv Khera","Inspiration/Motivation","HarperCollins",11/22/2009,207610852.5,1195.5,"Spanish"
793,"Zero To One M","Peter Thiel","Novel","Macmillan",11/23/2009,208163925.7,1198.6,"French"
6,"1984 M","George Orwell","Novel, Thriller","Penguin",11/24/2009,208716998.9,1201.7,"Arabic"
10,"2 States M","Chetan Bhagat","Novel,  ","Simon and Schuster",11/25/2009,209270072.1,1204.8,"Portugese"
13,"3rd Alternative M","Stephen Covey","Novel,  ","Pearson",11/26/2009,209823145.3,1207.9,"Russian"
7,"1984 R","George Orwell","Novel, Thriller","Faber & Faber",11/27/2009,210376218.5,1211,"Mandarine"
36,"Aaker on Branding R",,"Novel,","HarperCollins",11/28/2009,210929291.7,1214.1,"Spanish"
42,"After Dard R","Haruki Murakami","Novel,","Macmillan",11/29/2009,211482364.9,1217.2,"English"
48,"All Quite in the Western Front R",,"Novel,","Penguin",11/30/2009,212035438.1,1220.3,"English"
67,"And Then There Were None R","Agatha Christie","Novel, Thriller","Simon and Schuster",12/1/2009,212588511.3,1223.4,"Hindi"
72,"Art of Thinking Clearly R","Rolf Dobelli","Inspiration/Motivation","Pearson",12/2/2009,213141584.5,1226.5,"Bangla"
74,"As I Lay Dyeing R",,"Novel,","Faber & Faber",12/3/2009,213694657.7,1229.6,"English"
82,"Basterd of Istanbul R","Elif Shafak","Novel,","HarperCollins",12/4/2009,214247730.9,1232.7,"Spanish"
84,"Being and Nothing Less R",,"Novel,","Macmillan",12/5/2009,214800804.1,1235.8,"French"
85,"Bidle of The Bard R","J K Rowling","Novel,","Penguin",12/6/2009,215353877.3,1238.9,"Arabic"
89,"Blue Ocean Strategy R",,"Novel,","Simon and Schuster",12/7/2009,215906950.5,1242,"Portugese"
103,"Cather in The Rye R",,"Novel,","Pearson",12/8/2009,216460023.7,1245.1,"Russian"
121,"Confessions Of A Wild Child R",,"Novel,","Faber & Faber",12/9/2009,217013096.9,1248.2,"Mandarine"
123,"Corporate Chanaykya R",,"Novel,","HarperCollins",12/10/2009,217566170.1,1251.3,"Spanish"
128,"Dance, Dance, Dance R","Haruki Murakami","Novel,","Macmillan",12/11/2009,218119243.3,1254.4,"English"
139,"Destination Unknown R","Agatha Christie","Novel, Thriller","Penguin",12/12/2009,218672316.5,1257.5,"English"
140,"Developing the Leader within You R",,"Novel,","Simon and Schuster",12/13/2009,219225389.7,1260.6,"Hindi"
155,"Eat That Frog R",,"Novel,","Pearson",12/14/2009,219778462.9,1263.7,"Bangla"
157,"Effective Planning and Time Management R",,"Novel,","Faber & Faber",12/15/2009,220331536.1,1266.8,"English"
166,"Essential Rumi R",,"Novel,","HarperCollins",12/16/2009,220884609.3,1269.9,"Spanish"
179,"Finding My Virginity R","Richard Branson","Inspiration/Motivation","Macmillan",12/17/2009,221437682.5,1273,"French"
195,"Frankenstein R","Mary Shelley","Novel, Mystery","Penguin",12/18/2009,221990755.7,1276.1,"Arabic"
210,"Goddess Gils, Artemis the R",,"Novel,","Simon and Schuster",12/19/2009,222543828.9,1279.2,"Portugese"
212,"Golden House R",,"Novel,","Pearson",12/20/2009,223096902.1,1282.3,"Russian"
239,"Hannibal 2 R",,"Novel,","Faber & Faber",12/21/2009,223649975.3,1285.4,"Mandarine"
267,"How Successful People Think R",,"Novel,","HarperCollins",12/22/2009,224203048.5,1288.5,"Spanish"
270,"How to Talk to Anyone R",,"Novel,","Macmillan",12/23/2009,224756121.7,1291.6,"English"
277,"If Tommorrow Comes R","Sidney Sheldon","Novel, Romance","Penguin",12/24/2009,225309194.9,1294.7,"English"
296,"I've Got Your Number R",,"Novel,","Simon and Schuster",12/25/2009,225862268.1,1297.8,"Hindi"
302,"Kafka, the Complete Novels R",,"Novel,","Pearson",12/26/2009,226415341.3,1300.9,"Bangla"
304,"Kafka, the Complete Stories R","Kafka","Novel,","Faber & Faber",12/27/2009,226968414.5,1304,"English"
310,"48 Laws of Success R","Robert Green","Novel,","HarperCollins",12/28/2009,227521487.7,1307.1,"Spanish"
311,"Leadership Wisdom R",,"Novel,","Macmillan",12/29/2009,228074560.9,1310.2,"French"
335,"Magic Thinking Big R",,"Novel,","Penguin",12/30/2009,228627634.1,1313.3,"Arabic"
337,"Man's Search For Meaning R",,"Novel,","Simon and Schuster",12/31/2009,229180707.3,1316.4,"Portugese"
340,"Marketing Secrets R",,"Novel,","Pearson",1/1/2010,229733780.5,1319.5,"Russian"
342,"Master of the Game R","Sidney Sheldon","Novel, Romance","Faber & Faber",1/2/2010,230286853.7,1322.6,"Mandarine"
351,"Memories of Midnight R","Sidney Sheldon","Novel, Romance","HarperCollins",1/3/2010,230839926.9,1325.7,"Spanish"
354,"Men Without Women R","Haruki Murakami","Novel,","Macmillan",1/4/2010,231393000.1,1328.8,"English"
355,"Midnight Children R",,"Novel,","Penguin",1/5/2010,231946073.3,1331.9,"English"
365,"Morning, Noon, Night R","Sidney Sheldon","Novel, Romance","Simon and Schuster",1/6/2010,232499146.5,1335,"Hindi"
366,"Murder on The Orient Express  R","Agatha Christie","Novel, Thriller","Pearson",1/7/2010,233052219.7,1338.1,"Bangla"
374,"Mythology R",,"Novel,","Faber & Faber",1/8/2010,233605292.9,1341.2,"English"
377,"Negotiating Secrets R",,"Novel,","HarperCollins",1/9/2010,234158366.1,1344.3,"Spanish"
379,"Never Let Me Go R",,"Novel,","Macmillan",1/10/2010,234711439.3,1347.4,"French"
388,"Notes from Underground R",,"Novel,","Penguin",1/11/2010,235264512.5,1350.5,"Arabic"
389,"Nothing Last Forever R",,"Novel,","Simon and Schuster",1/12/2010,235817585.7,1353.6,"Portugese"
391,"O Henry 100 Selected Stories R",,"Novel,","Pearson",1/13/2010,236370658.9,1356.7,"Russian"
392,"Of Mice and Men R",,"Novel,","Faber & Faber",1/14/2010,236923732.1,1359.8,"Mandarine"
397,"On Writing R",,"Novel,","HarperCollins",1/15/2010,237476805.3,1362.9,"Spanish"
409,"Orientalism R","Edward W Said","Novel,","Macmillan",1/16/2010,238029878.5,1366,"English"
420,"Paris for One R",,"Novel,","Penguin",1/17/2010,238582951.7,1369.1,"English"
422,"Partners In Crime R","Agatha Christie","Novel, Thriller","Simon and Schuster",1/18/2010,239136024.9,1372.2,"Hindi"
431,"Pilgrimage R",,"Novel,","Pearson",1/19/2010,239689098.1,1375.3,"Bangla"
434,"Poirot Investigates R","Agatha Christie","Novel, Thriller","Faber & Faber",1/20/2010,240242171.3,1378.4,"English"
438,"Postern of Fate R","Agatha Christie","Novel,","HarperCollins",1/21/2010,240795244.5,1381.5,"Spanish"
444,"Quality of a Leader R",,"Novel,","Macmillan",1/22/2010,241348317.7,1384.6,"French"
446,"Red Dragon 3 R",,"Novel,","Penguin",1/23/2010,241901390.9,1387.7,"Arabic"
450,"Rich Dad Poor Dad R","Robert Kiyosaki","Novel, Thriller","Simon and Schuster",1/24/2010,242454464.1,1390.8,"Portugese"
459,"Rumi, Daylight R","Rumi","Novel,","Pearson",1/25/2010,243007537.3,1393.9,"Russian"
465,"Sapiense R","Yuval Noah Harari","Novel,","Faber & Faber",1/26/2010,243560610.5,1397,"Mandarine"
466,"Satanik Verses R",,"Novel,","HarperCollins",1/27/2010,244113683.7,1400.1,"Spanish"
467,"Screw it, Let's Do it R",,"Novel,","Macmillan",1/28/2010,244666756.9,1403.2,"English"
471,"Selected Stories, Antov Chekobn R",,"Novel,","Penguin",1/29/2010,245219830.1,1406.3,"English"
472,"Selling Secrets R",,"Novel,","Simon and Schuster",1/30/2010,245772903.3,1409.4,"Hindi"
473,"Shame R",,"Novel,","Pearson",1/31/2010,246325976.5,1412.5,"Bangla"
476,"Shining R",,"Novel,","Faber & Faber",2/1/2010,246879049.7,1415.6,"English"
480,"Smoke and Mirrors R",,"Novel,","HarperCollins",2/2/2010,247432122.9,1418.7,"Spanish"
487,"South Border, Western Sun R",,"Novel,","Macmillan",2/3/2010,247985196.1,1421.8,"French"
488,"Sputnik Sweatheart R","Haruki Murakami","Novel,","Penguin",2/4/2010,248538269.3,1424.9,"Arabic"
492,"Stardust R",,"Novel,","Simon and Schuster",2/5/2010,249091342.5,1428,"Portugese"
494,"Start With Why R",,"Novel,","Pearson",2/6/2010,249644415.7,1431.1,"Russian"
496,"Stephen Hawking Autobiography, A Life in Science R",,"Novel,","Faber & Faber",2/7/2010,250197488.9,1434.2,"Mandarine"
502,"Stranger R","Albert Camus","Novel,","HarperCollins",2/8/2010,250750562.1,1437.3,"Spanish"
503,"Sun and Her Flowers R",,"Novel,","Macmillan",2/9/2010,251303635.3,1440.4,"English"
508,"The 4 Hour Work Week R",,"Novel,","Penguin",2/10/2010,251856708.5,1443.5,"English"
515,"The Alchemist R","Paulo Coelho","Novel,","Simon and Schuster",2/11/2010,252409781.7,1446.6,"Hindi"
524,"The Autobiography of Benjamin Franklein R",,"Novel,","Pearson",2/12/2010,252962854.9,1449.7,"Bangla"
548,"The Clash of Civilization R",,"Novel,","Faber & Faber",2/13/2010,253515928.1,1452.8,"English"
551,"The Cold Blood R",,"Novel,","HarperCollins",2/14/2010,254069001.3,1455.9,"Spanish"
574,"The Four Agreements R",,"Novel,","Macmillan",2/15/2010,254622074.5,1459,"French"
582,"The Girl You Left Behind R","Jojo Moyes","Novel,","Penguin",2/16/2010,255175147.7,1462.1,"Arabic"
591,"The Good Terrorist R",,"Novel,","Simon and Schuster",2/17/2010,255728220.9,1465.2,"Portugese"
609,"The Intelligent Investor R","Benjamin Graham","Novel,","Pearson",2/18/2010,256281294.1,1468.3,"Russian"
618,"The Life And Times Of Hercele Points R",,"Novel,","Faber & Faber",2/19/2010,256834367.3,1471.4,"Mandarine"
635,"The Namesake R","Jhumpa Lahiri","Novel,","HarperCollins",2/20/2010,257387440.5,1474.5,"Spanish"
640,"The One Thing R",,"Novel,","Macmillan",2/21/2010,257940513.7,1477.6,"English"
665,"The Rebel R",,"Novel,","Penguin",2/22/2010,258493586.9,1480.7,"English"
673,"The Secret Adversary R","Agatha Christie","Novel, Thriller","Simon and Schuster",2/23/2010,259046660.1,1483.8,"Hindi"
688,"The Silence of the Lambs 1 R",,"Novel,","Pearson",2/24/2010,259599733.3,1486.9,"Bangla"
690,"The Sky is Falling R",,"Novel,","Faber & Faber",2/25/2010,260152806.5,1490,"English"
692,"The Speed Reading Book R","Tony Buzan","Novel,","HarperCollins",2/26/2010,260705879.7,1493.1,"Spanish"
728,"They Came To Baghdad R","Agatha Christie","Novel, Thriller","Macmillan",2/27/2010,261258952.9,1496.2,"French"
736,"Timeless Leadership R",,"Novel,","Penguin",2/28/2010,261812026.1,1499.3,"Arabic"
744,"Towards Zero R","Agatha Christie","Novel, Thriller","Simon and Schuster",3/1/2010,262365099.3,1502.4,"Portugese"
745,"Trail R",,"Novel,","Pearson",3/2/2010,262918172.5,1505.5,"Russian"
754,"Twinkle Khanna R",,"Novel,","Faber & Faber",3/3/2010,263471245.7,1508.6,"Mandarine"
761,"Unbelievable Life of  R",,"Novel,","HarperCollins",3/4/2010,264024318.9,1511.7,"Spanish"
767,"Veronika Decides to Die R","Paulo Coelho","Novel, Adventure, Spirituality","Macmillan",3/5/2010,264577392.1,1514.8,"English"
771,"When Breath Becomes Air R",,"Novel,","Penguin",3/6/2010,265130465.3,1517.9,"English"
775,"Who Moved My Cheese R","Spencer Johnson","Novel,","Simon and Schuster",3/7/2010,265683538.5,1521,"Hindi"
786,"World's Great Short Stories R",,"Novel,","Pearson",3/8/2010,266236611.7,1524.1,"Bangla"
791,"Your Money or Your Life R",,"Novel,","Faber & Faber",3/9/2010,266789684.9,1527.2,"English"
1,"Boitopia Stories","Tonima Tasnim","Novel,","HarperCollins",3/10/2010,267342758.1,1530.3,"Spanish"
3,"13 Reasons Why T","Jay Asher","Novel,","Macmillan",3/11/2010,267895831.3,1533.4,"French"
8,"1984 T","George Orwell","Novel,","Penguin",3/12/2010,268448904.5,1536.5,"Arabic"
9,"2 States  T","Chetan Bhagat","Novel,","Simon and Schuster",3/13/2010,269001977.7,1539.6,"Portugese"
11,"20000 Leagues Under The Sea T","Jules Verne","Novel,","Pearson",3/14/2010,269555050.9,1542.7,"Russian"
12,"330 English Essays T",,"Novel,","Faber & Faber",3/15/2010,270108124.1,1545.8,"Mandarine"
14,"44 Charles Street T","Danielle Steel","Novel,","HarperCollins",3/16/2010,270661197.3,1548.9,"Spanish"
15,"7 Habits Of Highly Effective People T","Stephen Covey","Novel,","Macmillan",3/17/2010,271214270.5,1552,"English"
16,"9-Nov T","Colleen Hoover","Novel,","Penguin",3/18/2010,271767343.7,1555.1,"English"
17,"A Bend In The Road T","Nicholas Sparks","Novel,","Simon and Schuster",3/19/2010,272320416.9,1558.2,"Hindi"
20,"A Brief History Of Time T","Stephen Hawking","Novel,","Pearson",3/20/2010,272873490.1,1561.3,"Bangla"
22,"A Dog's Purpose T","W Bruce Cameron","Novel,","Faber & Faber",3/21/2010,273426563.3,1564.4,"English"
24,"A History Of God T","Karen Armstrong","Novel,","HarperCollins",3/22/2010,273979636.5,1567.5,"Spanish"
26,"A Ranking Of The Most Influential People In The World History T","Michael H Hart","Novel,","Macmillan",3/23/2010,274532709.7,1570.6,"French"
27,"A Tale Of Two Cities T","Charles Dickens","Novel,","Penguin",3/24/2010,275085782.9,1573.7,"Arabic"
29,"A Thousand Splendid Suns T","Khaled Hossain","Novel,","Simon and Schuster",3/25/2010,275638856.1,1576.8,"Portugese"
30,"A Torch Against The Night T","Sabaa Tahir","Novel, ","Pearson",3/26/2010,276191929.3,1579.9,"Russian"
32,"A Walk To Remember T","Nicholas Sparks","Novel,","Faber & Faber",3/27/2010,276745002.5,1583,"Mandarine"
33,"A Wanted Man T","Lee Child","Novel, ","HarperCollins",3/28/2010,277298075.7,1586.1,"Spanish"
35,"A World Without Princess T",,"Novel,","Macmillan",3/29/2010,277851148.9,1589.2,"English"
38,"Adultery T","Paulo Coelho","Novel,","Penguin",3/30/2010,278404222.1,1592.3,"English"
41,"Aesop's Fables T",,"Novel,","Simon and Schuster",3/31/2010,278957295.3,1595.4,"Hindi"
43,"After Dark T","Haruki Murakami","Novel,","Pearson",4/1/2010,279510368.5,1598.5,"Bangla"
44,"After You T","Jojo Moyes","Novel,","Faber & Faber",4/2/2010,280063441.7,1601.6,"English"
45,"Agatha Christi Over 50 Stories T","Agatha Christie","Novel, Thriller","HarperCollins",4/3/2010,280616514.9,1604.7,"Spanish"
50,"All The Light We Cannot See T","Anthony Doerr","Novel,","Macmillan",4/4/2010,281169588.1,1607.8,"French"
52,"American Gods T","Neil Gaiman","Novel, ","Penguin",4/5/2010,281722661.3,1610.9,"Arabic"
54,"An Abundance Of Katherines T","John Green","Novel,","Simon and Schuster",4/6/2010,282275734.5,1614,"Portugese"
57,"An Era Of Darkness T","Shashi Tharoor","Novel,","Pearson",4/7/2010,282828807.7,1617.1,"Russian"
60,"An Uncertain Glory India And Its Contradictions T","Amartya Sen, Jean Dreze","Novel, Thriller","Faber & Faber",4/8/2010,283381880.9,1620.2,"Mandarine"
63,"And The Mountain Echoed T","Khaled Hossain","Novel,","HarperCollins",4/9/2010,283934954.1,1623.3,"Spanish"
69,"Angels And Demons T","Dan Brown","Novel,","Macmillan",4/10/2010,284488027.3,1626.4,"English"
70,"Around The World In Eighteen Days T","Jules Vern","Novel,","Penguin",4/11/2010,285041100.5,1629.5,"English"
75,"Attachments T","Rainbow Rowell","Novel,","Simon and Schuster",4/12/2010,285594173.7,1632.6,"Hindi"
76,"Bangladesh A Legacy Of Blood T","Anthony Mascarenhas","Novel,","Pearson",4/13/2010,286147246.9,1635.7,"Bangla"
78,"Bangladesh Liberation War T",,"Novel,","Faber & Faber",4/14/2010,286700320.1,1638.8,"English"
79,"Bangladesh T",,"Novel,","HarperCollins",4/15/2010,287253393.3,1641.9,"Spanish"
80,"Bangladesh The Unfinished Revolution T","Lawrence Lifschultz","Novel,","Macmillan",4/16/2010,287806466.5,1645,"French"
83,"Becoming Steve Jobs T",,"Novel,","Penguin",4/17/2010,288359539.7,1648.1,"Arabic"
88,"Blink T","Malcolm Gladwell","Novel,","Simon and Schuster",4/18/2010,288912612.9,1651.2,"Portugese"
92,"Brick Lane T","Monica Ali","Novel,","Pearson",4/19/2010,289465686.1,1654.3,"Russian"
96,"By The River Piedra I Sat Down And Wept T","Paulo Coelho","Novel, ","Faber & Faber",4/20/2010,290018759.3,1657.4,"Mandarine"
97,"Call Me By My Name T","Andre Aciman","Novel, Thriller","HarperCollins",4/21/2010,290571832.5,1660.5,"Spanish"
98,"Caroline And Other Stories T",,"Novel,","Macmillan",4/22/2010,291124905.7,1663.6,"English"
100,"Casual Vacancy T","J K Rowling","Novel,","Penguin",4/23/2010,291677978.9,1666.7,"English"
102,"Catching Fire T","Suzanner Collins","Novel,","Simon and Schuster",4/24/2010,292231052.1,1669.8,"Hindi"
104,"Challenging English Essays T",,"Novel,","Pearson",4/25/2010,292784125.3,1672.9,"Bangla"
105,"Change You Can Believe In T","Barak H. Obama","Novel,","Faber & Faber",4/26/2010,293337198.5,1676,"English"
106,"Chasing Fire T","Nora Roberts","Novel,","HarperCollins",4/27/2010,293890271.7,1679.1,"Spanish"
108,"Cinderella T",,"Novel,","Macmillan",4/28/2010,294443344.9,1682.2,"French"
109,"City Of Ashes T","Cassandra Clare","Novel,","Penguin",4/29/2010,294996418.1,1685.3,"Arabic"
110,"City Of Bones T","Cassandra Clare","Novel,","Simon and Schuster",4/30/2010,295549491.3,1688.4,"Portugese"
111,"City Of Fallen Angels T","Cassandra Clare","Novel,","Pearson",5/1/2010,296102564.5,1691.5,"Russian"
112,"City Of Glass T","Cassandra Clare","Novel,","Faber & Faber",5/2/2010,296655637.7,1694.6,"Mandarine"
113,"City Of Gold T","Cassandra Clare","Novel,","HarperCollins",5/3/2010,297208710.9,1697.7,"Spanish"
114,"City Of Heavenly Fire T","Cassandra Clare","Novel,","Macmillan",5/4/2010,297761784.1,1700.8,"English"
115,"Classic Vampire Tales T",,"Novel,","Penguin",5/5/2010,298314857.3,1703.9,"English"
116,"Cobuild English Grammar T",,"Novel,","Simon and Schuster",5/6/2010,298867930.5,1707,"Hindi"
117,"Collected Stories Signh T",,"Novel,","Pearson",5/7/2010,299421003.7,1710.1,"Bangla"
119,"Confess T","Colleen Hoover","Novel,","Faber & Faber",5/8/2010,299974076.9,1713.2,"English"
122,"Coraline And Other Stories T","Neil Gaiman","Novel,","HarperCollins",5/9/2010,300527150.1,1716.3,"Spanish"
124,"Cosmos T","Carl Segal","Science,","Macmillan",5/10/2010,301080223.3,1719.4,"French"
125,"Da Vinci Code T","Dan Brown","Novel,","Penguin",5/11/2010,301633296.5,1722.5,"Arabic"
127,"Dance Of Dragons T","George R R Martin","Novel,","Simon and Schuster",5/12/2010,302186369.7,1725.6,"Portugese"
130,"Darker T","E L James","Novel,","Pearson",5/13/2010,302739442.9,1728.7,"Russian"
133,"Dear World T","Bana Alabed","Novel,","Faber & Faber",5/14/2010,303292516.1,1731.8,"Mandarine"
135,"Deception Point T","Dan Brown","Novel,","HarperCollins",5/15/2010,303845589.3,1734.9,"Spanish"
137,"Demon Code  T","Adam Blake","Novel, Thriller","Macmillan",5/16/2010,304398662.5,1738,"English"
142,"Diary Of Wimpy Vampire T","Tim Collins","Novel,","Penguin",5/17/2010,304951735.7,1741.1,"English"
145,"Digital Fortress T","Dan Brown","Novel,","Simon and Schuster",5/18/2010,305504808.9,1744.2,"Hindi"
146,"Divergent T","Veronica Roth","Novel,","Pearson",5/19/2010,306057882.1,1747.3,"Bangla"
147,"Doctor Sleep T","Stephen King","Novel,","Faber & Faber",5/20/2010,306610955.3,1750.4,"English"
149,"Dracula T","Bram Stoker","Novel,","HarperCollins",5/21/2010,307164028.5,1753.5,"Spanish"
152,"Eat Pray Love T","Elizabeth Gilbert","Novel,","Macmillan",5/22/2010,307717101.7,1756.6,"French"
159,"Eleanor And Park T","Rainbow Rowell","Novel,","Penguin",5/23/2010,308270174.9,1759.7,"Arabic"
161,"Eleven Minutes T","Paulo Coelho","Novel,","Simon and Schuster",5/24/2010,308823248.1,1762.8,"Portugese"
162,"Emma T","Jane Austen","Novel,","Pearson",5/25/2010,309376321.3,1765.9,"Russian"
164,"Emotional Intelligence T","Daniel Goleman","Novel,","Faber & Faber",5/26/2010,309929394.5,1769,"Mandarine"
165,"Erich Segal T",,"Novel,","HarperCollins",5/27/2010,310482467.7,1772.1,"Spanish"
168,"Everything Everything T","Nicola Yoon","Novel,","Macmillan",5/28/2010,311035540.9,1775.2,"English"
169,"Fangirl T","Rainbow Rowell","Novel,","Penguin",5/29/2010,311588614.1,1778.3,"English"
171,"Fantastic Beasts T","J K Rowling","Novel,","Simon and Schuster",5/30/2010,312141687.3,1781.4,"Hindi"
174,"Fifty Shades Of Darker T","E L James","Novel,","Pearson",5/31/2010,312694760.5,1784.5,"Bangla"
176,"Fifty Shades Of Gray T","E L James","Novel,","Faber & Faber",6/1/2010,313247833.7,1787.6,"English"
177,"Finders Keepers T","Stephen King","Novel, ","HarperCollins",6/2/2010,313800906.9,1790.7,"Spanish"
181,"Fire And Fury T","Michael Wolff","Novel,","Macmillan",6/3/2010,314353980.1,1793.8,"French"
183,"Five Point Someone T","Chetan Bhagat","Novel,","Penguin",6/4/2010,314907053.3,1796.9,"Arabic"
184,"Flood Of Fire T","Amitav Ghosh","Novel, ","Simon and Schuster",6/5/2010,315460126.5,1800,"Portugese"
189,"Foundation And Earth T","Isaac Asimov","Novel,","Pearson",6/6/2010,316013199.7,1803.1,"Russian"
191,"Foundation T","Isaac Asimov","Novel,","Faber & Faber",6/7/2010,316566272.9,1806.2,"Mandarine"
193,"Four  T","Veronica Roth","Novel,","HarperCollins",6/8/2010,317119346.1,1809.3,"Spanish"
198,"Freedom Is Not Free T","Shiv Khera","Novel,","Macmillan",6/9/2010,317672419.3,1812.4,"English"
200,"Game Of Thrones T","R R Martin","Novel,","Penguin",6/10/2010,318225492.5,1815.5,"English"
201,"German T",,"Novel,","Simon and Schuster",6/11/2010,318778565.7,1818.6,"Hindi"
203,"Get To The Top T","Suhel Seth","Novel,","Pearson",6/12/2010,319331638.9,1821.7,"Bangla"
204,"Girl For Sale T","Lara Mcdonnell","Novel, ","Faber & Faber",6/13/2010,319884712.1,1824.8,"English"
205,"Gitanjali  T","Rabindranath Tagore","Novel,","HarperCollins",6/14/2010,320437785.3,1827.9,"Spanish"
206,"Giver T","Lois Lowry","Novel, ","Macmillan",6/15/2010,320990858.5,1831,"French"
208,"Go Set A Watchman T","Harper Lee","Novel,","Penguin",6/16/2010,321543931.7,1834.1,"Arabic"
213,"Gone Girl  T","Gillian Flynn","Novel,","Simon and Schuster",6/17/2010,322097004.9,1837.2,"Portugese"
214,"Gone Tomorrow T","Lee Child","Novel,","Pearson",6/18/2010,322650078.1,1840.3,"Russian"
215,"Gone With The Wind T","Margaret Mitchell","Novel,","Faber & Faber",6/19/2010,323203151.3,1843.4,"Mandarine"
216,"Good To Great T","Jim Collins","Novel,","HarperCollins",6/20/2010,323756224.5,1846.5,"Spanish"
221,"Goodwill's Upto Date School Eassys, Letters, Applications T","Goodwill","Novel,","Macmillan",6/21/2010,324309297.7,1849.6,"English"
233,"Grey T","E L James","Novel, ","Penguin",6/22/2010,324862370.9,1852.7,"English"
235,"Gullivers Travel T","Jonathan Swift","Novel, ","Simon and Schuster",6/23/2010,325415444.1,1855.8,"Hindi"
237,"Half Baked Love Story T","Anurag Garg","Novel,","Pearson",6/24/2010,325968517.3,1858.9,"Bangla"
241,"Harry Potter 1-7 Each T","J. K. Rawling","Novel,","Faber & Faber",6/25/2010,326521590.5,1862,"English"
250,"Haunted Empire T","Yukari Iwatani Kane","Novel,","HarperCollins",6/26/2010,327074663.7,1865.1,"Spanish"
251,"Heidi T","Johanna Spyri","Novel,","Macmillan",6/27/2010,327627736.9,1868.2,"French"
255,"Homo Deus T","Yuval Noah Harari","Novel,","Penguin",6/28/2010,328180810.1,1871.3,"Arabic"
266,"Hotel Vendome  T","Danielle Steel","Novel,","Simon and Schuster",6/29/2010,328733883.3,1874.4,"Portugese"
269,"How To Stop Worrying And Start Living T","Dale Carnegie","Novel,","Pearson",6/30/2010,329286956.5,1877.5,"Russian"
272,"How To Win Friends And Influence People T","Dale Carnegie","Novel,","Faber & Faber",7/1/2010,329840029.7,1880.6,"Mandarine"
274,"I Am Malala T","Malala Yousufzi","Novel,","HarperCollins",7/2/2010,330393102.9,1883.7,"Spanish"
275,"I Am The Messenger  T","Markus Zusak","Novel,","Macmillan",7/3/2010,330946176.1,1886.8,"English"
276,"I See You  T","Clare Mackintosh","Novel,","Penguin",7/4/2010,331499249.3,1889.9,"English"
280,"I'll Give You The Sun  T","Jandy Nelson","Novel,","Simon and Schuster",7/5/2010,332052322.5,1893,"Hindi"
281,"In An Antique Land T","Amitav Ghosh","Novel, Thriller","Pearson",7/6/2010,332605395.7,1896.1,"Bangla"
285,"India Wins Freedom T","Maulana Abul Kalam Azad","Novel,","Faber & Faber",7/7/2010,333158468.9,1899.2,"English"
287,"Inferno T","Dan Brown","Novel,","HarperCollins",7/8/2010,333711542.1,1902.3,"Spanish"
288,"Insurgent T","Veronica Roth","Novel,","Macmillan",7/9/2010,334264615.3,1905.4,"French"
289,"Isac Asimov T",,"Novel,","Penguin",7/10/2010,334817688.5,1908.5,"Arabic"
292,"Istanbul  T","Orhan Pamuk","Novel,","Simon and Schuster",7/11/2010,335370761.7,1911.6,"Portugese"
294,"It Ends With Us T","Colleen Hoover","Novel,","Pearson",7/12/2010,335923834.9,1914.7,"Russian"
295,"IT T","Stephen King","Novel, Science Fiction, Mystery","Faber & Faber",7/13/2010,336476908.1,1917.8,"Mandarine"
297,"Japanise - English T",,"Novel,","HarperCollins",7/14/2010,337029981.3,1920.9,"Spanish"
298,"Jeferey Archer T",,"Novel,","Macmillan",7/15/2010,337583054.5,1924,"English"
299,"Journey To The Center Of The Earth T","Jules Verne","Novel,","Penguin",7/16/2010,338136127.7,1927.1,"English"
301,"Kafka On The Shore T","Haruki Murakami","Novel,","Simon and Schuster",7/17/2010,338689200.9,1930.2,"Hindi"
305,"Kidnapped T","R L Stevenson","Novel,","Pearson",7/18/2010,339242274.1,1933.3,"Bangla"
306,"King Solomon's Mines  T","Henry Rider Haggard","Novel,","Faber & Faber",7/19/2010,339795347.3,1936.4,"English"
307,"Kingfisher T",,"Novel,","HarperCollins",7/20/2010,340348420.5,1939.5,"Spanish"
308,"Kishore Uponnash Somogro Jafor Iqbal T","Jafor Iqbal","Novel,","Macmillan",7/21/2010,340901493.7,1942.6,"French"
315,"Life Of Pi T","Yann Martel","Novel,","Penguin",7/22/2010,341454566.9,1945.7,"Arabic"
317,"Like The Flowing River T","Paulo Coelho","Novel,","Simon and Schuster",7/23/2010,342007640.1,1948.8,"Portugese"
319,"Little Women T","Louisa M Alcott","Novel,","Pearson",7/24/2010,342560713.3,1951.9,"Russian"
320,"Lolita  T","Vladimir Nabokov","Novel,","Faber & Faber",7/25/2010,343113786.5,1955,"Mandarine"
322,"Long Walk To Freedom T","Nelson Mandela","Novel,","HarperCollins",7/26/2010,343666859.7,1958.1,"Spanish"
323,"Longman T",,"Novel,","Macmillan",7/27/2010,344219932.9,1961.2,"English"
325,"Looking For Alaska T","John Green","Novel,","Penguin",7/28/2010,344773006.1,1964.3,"English"
326,"Losing Hope T","Colleen Hoover","Novel, ","Simon and Schuster",7/29/2010,345326079.3,1967.4,"Hindi"
328,"Lost Symbol T","Dan Brown","Novel,","Pearson",7/30/2010,345879152.5,1970.5,"Bangla"
329,"Love In The Time Of Cholera T","Gabriel Garcia Marquez","Novel,","Faber & Faber",7/31/2010,346432225.7,1973.6,"English"
331,"Love Not For Sale T","Anurag Garg","Novel,","HarperCollins",8/1/2010,346985298.9,1976.7,"Spanish"
332,"Love Story T","Erich Segal","Novel,","Macmillan",8/2/2010,347538372.1,1979.8,"French"
334,"Love, Rosie T","Cecelia Ahern","Novel, Romance","Penguin",8/3/2010,348091445.3,1982.9,"Arabic"
338,"Man's Search For Meaning T","Viktor Frankl","Novel,","Simon and Schuster",8/4/2010,348644518.5,1986,"Portugese"
343,"Matilda T","Roald Dahl","Novel,","Pearson",8/5/2010,349197591.7,1989.1,"Russian"
345,"Maybe Someday T","Colleen Hoover","Novel,","Faber & Faber",8/6/2010,349750664.9,1992.2,"Mandarine"
347,"Me Before You T","Jojo Moyes","Novel,","HarperCollins",8/7/2010,350303738.1,1995.3,"Spanish"
349,"Mein Kampf T","Adolf Hitler","Biography, ","Macmillan",8/8/2010,350856811.3,1998.4,"English"
352,"Men Are From Mars Women Are From Venus T","John Gray","Novel, ","Penguin",8/9/2010,351409884.5,2001.5,"English"
356,"Mightier Than The Sword T","Jeffrey Archer","Novel,","Simon and Schuster",8/10/2010,351962957.7,2004.6,"Hindi"
358,"Milk And Honey T","Rupi Kaur","Poetry,","Pearson",8/11/2010,352516030.9,2007.7,"Bangla"
363,"Mohammad T","Karen Armstrong","Novel,","Faber & Faber",8/12/2010,353069104.1,2010.8,"English"
367,"Murder On The Orient Express  T","Agatha Christie","Novel, Thriller","HarperCollins",8/13/2010,353622177.3,2013.9,"Spanish"
368,"My Book Of Classic Stories T",,"Novel,","Macmillan",8/14/2010,354175250.5,2017,"French"
376,"Narnia T","C S Lewis","Novel,","Penguin",8/15/2010,354728323.7,2020.1,"Arabic"
378,"Never Go Back T","Lee Child ","Novel,","Simon and Schuster",8/16/2010,355281396.9,2023.2,"Portugese"
380,"Never Let Me Go T","Kazuo Ishiguro","Novel,","Pearson",8/17/2010,355834470.1,2026.3,"Russian"
382,"New Moon T","Stephen Meyer","Novel,","Faber & Faber",8/18/2010,356387543.3,2029.4,"Mandarine"
383,"Nine Lives  T","William Dalrymple","Novel,","HarperCollins",8/19/2010,356940616.5,2032.5,"Spanish"
385,"Norse Mythology T","Neil Gaiman","Novel,","Macmillan",8/20/2010,357493689.7,2035.6,"English"
387,"Norwegian Wood T","Haruki Murakami","Novel,","Penguin",8/21/2010,358046762.9,2038.7,"English"
393,"Oliver Twist T","Charles Dickens","Novel,","Simon and Schuster",8/22/2010,358599836.1,2041.8,"Hindi"
395,"Omerta T","Mario Puzo","Novel,","Pearson",8/23/2010,359152909.3,2044.9,"Bangla"
399,"One Day T","David Nicholls","Novel,","Faber & Faber",8/24/2010,359705982.5,2048,"English"
401,"One Hundred Year Of Solitude T","Gabriel Garcia Marquez","Novel,","HarperCollins",8/25/2010,360259055.7,2051.1,"Spanish"
403,"One Indian Girl T","Chetan Bhagat","Novel,","Macmillan",8/26/2010,360812128.9,2054.2,"French"
404,"One Man Against The World T","Tim Weiner","Novel, ","Penguin",8/27/2010,361365202.1,2057.3,"Arabic"
406,"One Night @ The Call Centre T","Chetan Bhagat","Novel,","Simon and Schuster",8/28/2010,361918275.3,2060.4,"Portugese"
407,"One Shot T","Lee Child","Novel,","Pearson",8/29/2010,362471348.5,2063.5,"Russian"
410,"Orientalism T","Edward W Said","Novel,","Faber & Faber",8/30/2010,363024421.7,2066.6,"Mandarine"
413,"Outliers T","Malcolm Gladwell","Novel,","HarperCollins",8/31/2010,363577494.9,2069.7,"Spanish"
414,"Oxfor Sysnonyms And Antonyms T",,"Novel,","Macmillan",9/1/2010,364130568.1,2072.8,"English"
415,"Oxford Dictionary Of Thesaurus T",,"Novel,","Penguin",9/2/2010,364683641.3,2075.9,"English"
425,"Percy Jackson T",,"Novel,","Simon and Schuster",9/3/2010,365236714.5,2079,"Hindi"
428,"Perfume  T","Patrick Suskind","Novel,","Pearson",9/4/2010,365789787.7,2082.1,"Bangla"
429,"Peter Pan T","J M Barrie","Novel,","Faber & Faber",9/5/2010,366342860.9,2085.2,"English"
430,"Philippa Gregory T","Philippa Gregory","Novel,","HarperCollins",9/6/2010,366895934.1,2088.3,"Spanish"
432,"Point Of Retreat  T","Colleen Hoover","Novel,","Macmillan",9/7/2010,367449007.3,2091.4,"French"
439,"Poverty And Famines  T","Amartya Sen","Novel, Thriller","Penguin",9/8/2010,368002080.5,2094.5,"Arabic"
441,"Pride And Prejudice T","Jane Austen","Novel,","Simon and Schuster",9/9/2010,368555153.7,2097.6,"Portugese"
442,"Princess T",,"Novel,","Pearson",9/10/2010,369108226.9,2100.7,"Russian"
445,"Rainbow Eancidi T",,"Novel,","Faber & Faber",9/11/2010,369661300.1,2103.8,"Mandarine"
448,"Revolution 2020 T","Chetan Bhagat","Novel,","HarperCollins",9/12/2010,370214373.3,2106.9,"Spanish"
451,"Rich Dad Poor Dad T","Robert Kiyosaki","Novel,","Macmillan",9/13/2010,370767446.5,2110,"English"
452,"River God T","Wilbur Smith","Novel,","Penguin",9/14/2010,371320519.7,2113.1,"English"
453,"River Of Smoke T","Amitav Ghosh","Novel, Thriller","Simon and Schuster",9/15/2010,371873592.9,2116.2,"Hindi"
455,"Road To Success T","Napoleon Hill","Novel,","Pearson",9/16/2010,372426666.1,2119.3,"Bangla"
456,"Roald Dahl Collection T","Roald Dahl","Novel,","Faber & Faber",9/17/2010,372979739.3,2122.4,"English"
457,"Romeo And Juliet T","William Shakespeare","Novel,","HarperCollins",9/18/2010,373532812.5,2125.5,"Spanish"
458,"Roots T","Alex Haley","Novel, Thriller","Macmillan",9/19/2010,374085885.7,2128.6,"French"
461,"Sachin Tendulkar T","Sachin Tendulkar","Novel,","Penguin",9/20/2010,374638958.9,2131.7,"Arabic"
462,"Safe Homes T",,"Novel,","Simon and Schuster",9/21/2010,375192032.1,2134.8,"Portugese"
464,"Sapiens T","Yuval Noah Harari","Novel,","Pearson",9/22/2010,375745105.3,2137.9,"Russian"
468,"Second Foundation T","Isaac Asimov","Novel,","Faber & Faber",9/23/2010,376298178.5,2141,"Mandarine"
470,"See Me T","Nicholas Sparks","Novel, ","HarperCollins",9/24/2010,376851251.7,2144.1,"Spanish"
475,"Sherlock Holmes T","Arthur Conan Doyle","Novel,","Macmillan",9/25/2010,377404324.9,2147.2,"English"
478,"Slammed T","Colleen Hoover","Novel, ","Penguin",9/26/2010,377957398.1,2150.3,"English"
479,"Smart Trust T","Stephen Covey","Novel,","Simon and Schuster",9/27/2010,378510471.3,2153.4,"Hindi"
482,"Songs Of Blood And Sword T","Fatima Bhutto","Novel, ","Pearson",9/28/2010,379063544.5,2156.5,"Bangla"
483,"Songs Of The Dying Earth T","George R R Martin","Novel,","Faber & Faber",9/29/2010,379616617.7,2159.6,"English"
486,"Sophie's World T","Jostein Gaarder","Novel,","HarperCollins",9/30/2010,380169690.9,2162.7,"Spanish"
489,"Sputnik Sweetheart  T","Haruki Murakami","Novel,","Macmillan",10/1/2010,380722764.1,2165.8,"French"
493,"Stardust T","Neil Gaiman","Novel,","Penguin",10/2/2010,381275837.3,2168.9,"Arabic"
495,"State And Soveignity T",,"Novel,","Simon and Schuster",10/3/2010,381828910.5,2172,"Portugese"
499,"Stephen Hawking T","Kitty Ferguson","Novel, ","Pearson",10/4/2010,382381983.7,2175.1,"Russian"
501,"Steve Jobs T","Walter Isaacson","Novel,","Faber & Faber",10/5/2010,382935056.9,2178.2,"Mandarine"
504,"Tales From Shakespeare T",,"Novel,","HarperCollins",10/6/2010,383488130.1,2181.3,"Spanish"
506,"The 3 Mistakes In My Life T","Chetan Bhagat","Novel,","Macmillan",10/7/2010,384041203.3,2184.4,"English"
510,"The 7th Habit Of Highly Effective People T","Stephen R. Covey","Novel,","Penguin",10/8/2010,384594276.5,2187.5,"English"
512,"The Adventure Of Tom Sawyer T","Mark Twain","Novel,","Simon and Schuster",10/9/2010,385147349.7,2190.6,"Hindi"
513,"The Age Of Turbulence T","Alan Greenspan","Novel, Thriller","Pearson",10/10/2010,385700422.9,2193.7,"Bangla"
516,"The Alchemist T","Paulo Coelho","Novel,","Faber & Faber",10/11/2010,386253496.1,2196.8,"English"
519,"The Argumentative Indians T","Amartya Sen","Novel, Thriller","HarperCollins",10/12/2010,386806569.3,2199.9,"Spanish"
522,"The Art Of War T","Sun Tzu","Novel,","Macmillan",10/13/2010,387359642.5,2203,"French"
526,"The Bangladesh Military Coup T","B Z Khasru","Novel,","Penguin",10/14/2010,387912715.7,2206.1,"Arabic"
528,"The BEG T",,"Novel,","Simon and Schuster",10/15/2010,388465788.9,2209.2,"Portugese"
529,"The Bell Jar T","Sylvia Plath","Novel,","Pearson",10/16/2010,389018862.1,2212.3,"Russian"
531,"The Bible Othe Quran T",,"Novel,","Faber & Faber",10/17/2010,389571935.3,2215.4,"Mandarine"
532,"The Black Goat T",,"Novel,","HarperCollins",10/18/2010,390125008.5,2218.5,"Spanish"
534,"The Blood Telegram T","Garry G. Bass","Novel,","Macmillan",10/19/2010,390678081.7,2221.6,"English"
536,"The Book Thief T","Markus Zusak","Novel,","Penguin",10/20/2010,391231154.9,2224.7,"English"
541,"The Case For God T","Karen Armstrong","Novel,","Simon and Schuster",10/21/2010,391784228.1,2227.8,"Hindi"
543,"The Catcher In The Rye T","J D Salinger","Novel,","Pearson",10/22/2010,392337301.3,2230.9,"Bangla"
545,"The Chase T",,"Novel,","Faber & Faber",10/23/2010,392890374.5,2234,"English"
550,"The Coalition Years T","Pranab Mukherjee","Novel,","HarperCollins",10/24/2010,393443447.7,2237.1,"Spanish"
552,"The Count Of Monte Cristo T","Alexandre Dumas","Novel, Thriller","Macmillan",10/25/2010,393996520.9,2240.2,"French"
553,"The Country Of First Boys T","Amartya Sen","Novel, Thriller","Penguin",10/26/2010,394549594.1,2243.3,"Arabic"
554,"The Demon Code T","Adam Blake","Novel, Thriller","Simon and Schuster",10/27/2010,395102667.3,2246.4,"Portugese"
555,"The Devil And Miss Prym T","Paulo Coelho","Novel,","Pearson",10/28/2010,395655740.5,2249.5,"Russian"
557,"The Diary Of A Wimpy Kid T","Jeff Kinney","Novel,","Faber & Faber",10/29/2010,396208813.7,2252.6,"Mandarine"
560,"The Diary Of A Young Girl T","Anne Frank","Novel,","HarperCollins",10/30/2010,396761886.9,2255.7,"Spanish"
562,"The Discovery Of India T","Jawaharlal Nehru","Novel,","Macmillan",10/31/2010,397314960.1,2258.8,"English"
563,"The Enemy T","Charlie Higson","Novel,","Penguin",11/1/2010,397868033.3,2261.9,"English"
567,"The Fault In Our Stars T","John Green","Novel,","Simon and Schuster",11/2/2010,398421106.5,2265,"Hindi"
570,"The First Muslim T","Lesley Hazleton","Novel,","Pearson",11/3/2010,398974179.7,2268.1,"Bangla"
571,"The Fix T","David Baldacci","Novel,","Faber & Faber",11/4/2010,399527252.9,2271.2,"English"
573,"The Forty Rules Of Love T","Elif Shafak","Novel,","HarperCollins",11/5/2010,400080326.1,2274.3,"Spanish"
577,"The Gene T","Siddhartha Mukherjee","Novel,","Macmillan",11/6/2010,400633399.3,2277.4,"French"
579,"The Girl On The Train T","Paula Hawkins","Novel,","Penguin",11/7/2010,401186472.5,2280.5,"Arabic"
580,"The Girl On The Train T","Paula Hawkins","Novel,","Simon and Schuster",11/8/2010,401739545.7,2283.6,"Portugese"
583,"The Glass Palace T","Amitav Ghosh","Novel, Thriller","Pearson",11/9/2010,402292618.9,2286.7,"Russian"
584,"The God Delusion T","Richard Dawkins","Novel,","Faber & Faber",11/10/2010,402845692.1,2289.8,"Mandarine"
586,"The God Father T","Mario Puzo","Novel,","HarperCollins",11/11/2010,403398765.3,2292.9,"Spanish"
588,"The God Of Small Things T","Arundhati Roy","Novel,","Macmillan",11/12/2010,403951838.5,2296,"English"
590,"The Good Earth  T","Pearl S Buck","Novel,","Penguin",11/13/2010,404504911.7,2299.1,"English"
593,"The Graveyard Book T","Neil Gaiman","Novel, ","Simon and Schuster",11/14/2010,405057984.9,2302.2,"Hindi"
594,"The Great Adventure Of Sharlock Holms  T","Arthur Conan Doyle","Novel, Adventure","Pearson",11/15/2010,405611058.1,2305.3,"Bangla"
595,"The Great Gatsby T","F Scott Fitzgerald","Novel,","Faber & Faber",11/16/2010,406164131.3,2308.4,"English"
596,"The Greatest Secret In The World T","Og Mandino","Novel,","HarperCollins",11/17/2010,406717204.5,2311.5,"Spanish"
597,"The Hard Way T","Lee Child","Novel,","Macmillan",11/18/2010,407270277.7,2314.6,"French"
598,"The Haunted T","Niki Valentine","Novel,","Penguin",11/19/2010,407823350.9,2317.7,"Arabic"
599,"The Heir T","Kiera Cass","Novel,","Simon and Schuster",11/20/2010,408376424.1,2320.8,"Portugese"
600,"The Hobbit T","J R R Tolkien","Novel,","Pearson",11/21/2010,408929497.3,2323.9,"Russian"
601,"The Hollow T","Agatha Christie","Novel, Thriller","Faber & Faber",11/22/2010,409482570.5,2327,"Mandarine"
604,"The Hunger Games T","Suzanner Collins","Novel,","HarperCollins",11/23/2010,410035643.7,2330.1,"Spanish"
607,"The Ingredients Of Love T","Nicolas Barreau","Novel,","Macmillan",11/24/2010,410588716.9,2333.2,"English"
608,"The Inheritance Of Loss T","Nicolas Barreau","Novel,","Penguin",11/25/2010,411141790.1,2336.3,"English"
610,"The Jungle Book T","Rudyard Kipling","Novel,","Simon and Schuster",11/26/2010,411694863.3,2339.4,"Hindi"
613,"The Kite Runner T","Khaled Hossain","Novel,","Pearson",11/27/2010,412247936.5,2342.5,"Bangla"
615,"The Last Lecture T","Randy Pausch","Novel, ","Faber & Faber",11/28/2010,412801009.7,2345.6,"English"
616,"The Last Mile T","David Baldacci","Novel,","HarperCollins",11/29/2010,413354082.9,2348.7,"Spanish"
619,"The Lion, The Wild T ",,"Novel,","Macmillan",11/30/2010,413907156.1,2351.8,"French"
620,"The Little Prince T","Antoine De Saint","Novel,","Penguin",12/1/2010,414460229.3,2354.9,"Arabic"
621,"The Lord Of The Rings T","J R R Tolkien","Novel,","Simon and Schuster",12/2/2010,415013302.5,2358,"Portugese"
623,"The Lowland T","Jhumpa Lahiri","Novel,","Pearson",12/3/2010,415566375.7,2361.1,"Russian"
624,"The Mark T","Veronica Roth","Novel,","Faber & Faber",12/4/2010,416119448.9,2364.2,"Mandarine"
625,"The Martian T","Andy Weir","Novel,","HarperCollins",12/5/2010,416672522.1,2367.3,"Spanish"
626,"The Maze Runner T","James Dashner","Novel,","Macmillan",12/6/2010,417225595.3,2370.4,"English"
627,"The Merry Adventures Of Robin Hood T","Howard Pyle","Novel,","Penguin",12/7/2010,417778668.5,2373.5,"English"
629,"The Ministry Of Utmost Happiness  T","Arundhati Roy","Novel,","Simon and Schuster",12/8/2010,418331741.7,2376.6,"Hindi"
631,"The Miracle Morning T","Hal Elrod","Novel, ","Pearson",12/9/2010,418884814.9,2379.7,"Bangla"
632,"The Monk Who Sold His Ferrari T","Robin Sharma","Novel,","Faber & Faber",12/10/2010,419437888.1,2382.8,"English"
638,"The Ocean At The End Of The Lane T","Neil Gaiman","Novel,","HarperCollins",12/11/2010,419990961.3,2385.9,"Spanish"
645,"The Perks Of Being A Wallflower T","Stephen Chbosky","Novel,","Macmillan",12/12/2010,420544034.5,2389,"French"
648,"The Power Of Habit T","Charles Duhigg","Novel,","Penguin",12/13/2010,421097107.7,2392.1,"Arabic"
650,"The Power Of Now T","Eckhart Tolle","Novel,","Simon and Schuster",12/14/2010,421650180.9,2395.2,"Portugese"
653,"The Power Of Your Subconscious Mind T","Dr Joseph Murphy","Novel,","Pearson",12/15/2010,422203254.1,2398.3,"Russian"
668,"The Road To Character T","David Brooks","Novel,","Faber & Faber",12/16/2010,422756327.3,2401.4,"Mandarine"
670,"The Runway Jury T","John Grisham","Novel,","HarperCollins",12/17/2010,423309400.5,2404.5,"Spanish"
671,"The School For Good And Evil T",,"Novel,","Macmillan",12/18/2010,423862473.7,2407.6,"English"
676,"The Secret History Of The World T","Jonathan Black","Novel,","Penguin",12/19/2010,424415546.9,2410.7,"English"
677,"The Secret History T","Donna Tartt","Novel,","Simon and Schuster",12/20/2010,424968620.1,2413.8,"Hindi"
679,"The Secret T","Rhonda Byme","Novel,","Pearson",12/21/2010,425521693.3,2416.9,"Bangla"
680,"The Shadow Lines T","Amitav Ghosh","Novel, Thriller","Faber & Faber",12/22/2010,426074766.5,2420,"English"
681,"The Shape Of The Beast T","Arundhati Roy","Novel,","HarperCollins",12/23/2010,426627839.7,2423.1,"Spanish"
682,"The Shape Of The Beast T","Arundhati Roy","Novel,","Macmillan",12/24/2010,427180912.9,2426.2,"French"
685,"The Shining T","Stephen King","Novel,","Penguin",12/25/2010,427733986.1,2429.3,"Arabic"
689,"The Silkworm T","Robert Galbraith","Novel,","Simon and Schuster",12/26/2010,428287059.3,2432.4,"Portugese"
694,"The Spy T","Paulo Coelho","Novel,","Pearson",12/27/2010,428840132.5,2435.5,"Russian"
699,"The Subtle Art Of Not To Give A Fuck T","Mark Manson","Novel,","Faber & Faber",12/28/2010,429393205.7,2438.6,"Mandarine"
700,"The Subtle Art Of Not To Give A Fuck T","Mark Manson","Novel,","HarperCollins",12/29/2010,429946278.9,2441.7,"Spanish"
703,"The Sun Is Also A Star T","Nicola Yoon","Novel,","Macmillan",12/30/2010,430499352.1,2444.8,"English"
706,"The Three Trillion Dollar War T","Joseph E Stiglitz","Novel,","Penguin",12/31/2010,431052425.3,2447.9,"English"
709,"The Time Machine T","H G Wells","Novel,","Simon and Schuster",1/1/2011,431605498.5,2451,"Hindi"
710,"The Time Trails T",,"Novel,","Pearson",1/2/2011,432158571.7,2454.1,"Bangla"
712,"The Valkyries T","Paulo Coelho","Novel,","Faber & Faber",1/3/2011,432711644.9,2457.2,"English"
713,"The Versions Of Us T","Laura Barnett","Novel,","HarperCollins",1/4/2011,433264718.1,2460.3,"Spanish"
715,"The View From Castle Rock T","Alice Munro","Novel, Thriller","Macmillan",1/5/2011,433817791.3,2463.4,"French"
717,"The Vinci Code T","Dan Brown","Novel,","Penguin",1/6/2011,434370864.5,2466.5,"Arabic"
719,"The Wind In The Willows T","Kenneth Grahame","Novel, ","Simon and Schuster",1/7/2011,434923937.7,2469.6,"Portugese"
720,"The Window T",,"Novel,","Pearson",1/8/2011,435477010.9,2472.7,"Russian"
722,"The Witch Of Portobello T","Paulo Coelho","Novel,","Faber & Faber",1/9/2011,436030084.1,2475.8,"Mandarine"
723,"The Witness And T",,"Novel,","HarperCollins",1/10/2011,436583157.3,2478.9,"Spanish"
724,"The Wizard Of Oz T","L. Frank Baum","Novel,","Macmillan",1/11/2011,437136230.5,2482,"English"
729,"Things Fall Apart T","Chinua Achebe","Novel,","Penguin",1/12/2011,437689303.7,2485.1,"English"
731,"Think And Grow Rich T","Napoleon Hill","Novel,","Simon and Schuster",1/13/2011,438242376.9,2488.2,"Hindi"
733,"Thinking Fast And Slow T","Daniel Kahneman","Novel,","Pearson",1/14/2011,438795450.1,2491.3,"Bangla"
735,"Tilly Bagshwe T",,"Novel,","Faber & Faber",1/15/2011,439348523.3,2494.4,"English"
738,"Tipping Point T","Malcolm Gladwell","Novel,","HarperCollins",1/16/2011,439901596.5,2497.5,"Spanish"
741,"To Kill A Mockingbird T","Harper Lee","Novel,","Macmillan",1/17/2011,440454669.7,2500.6,"French"
746,"Treasure Island T","R L Stevenson","Novel,","Penguin",1/18/2011,441007742.9,2503.7,"Arabic"
747,"Tripwire T","Lee Child","Novel,","Simon and Schuster",1/19/2011,441560816.1,2506.8,"Portugese"
751,"Turtles All The Way Down T","John Green","Novel,","Pearson",1/20/2011,442113889.3,2509.9,"Russian"
755,"Two By Two T","Nicholas Sparks","Novel,","Faber & Faber",1/21/2011,442666962.5,2513,"Mandarine"
756,"Two Towns T","John Green","Novel,","HarperCollins",1/22/2011,443220035.7,2516.1,"Spanish"
758,"Ugly Love T","Colleen Hoover","Novel,","Macmillan",1/23/2011,443773108.9,2519.2,"English"
760,"Unaccustomed Earth T","Jhumpa Lahiri","Novel,","Penguin",1/24/2011,444326182.1,2522.3,"English"
764,"Vampire Diaries T","L J Smith","Novel,","Simon and Schuster",1/25/2011,444879255.3,2525.4,"Hindi"
768,"Veronika Decides To Die T","Paulo Coelho","Novel, Adventure, Spirituality","Pearson",1/26/2011,445432328.5,2528.5,"Bangla"
769,"Virgin's Lover T","Philippa Gregory","Novel,","Faber & Faber",1/27/2011,445985401.7,2531.6,"English"
772,"White Fang T","Jack London","Novel,","HarperCollins",1/28/2011,446538474.9,2534.7,"Spanish"
773,"White Tiger T","Aravind Adiga","Novel,","Macmillan",1/29/2011,447091548.1,2537.8,"French"
776,"Who Moved My Cheese T","Spencer Johnson","Novel, ","Penguin",1/30/2011,447644621.3,2540.9,"Arabic"
778,"Will Grayson T","John Green","Novel,  ","Simon and Schuster",1/31/2011,448197694.5,2544,"Portugese"
784,"Winner Stands Alone T","Paulo Coelho","Novel,","Pearson",2/1/2011,448750767.7,2547.1,"Russian"
790,"You Can Win T","Shiv Khera","Novel,","Faber & Faber",2/2/2011,449303840.9,2550.2,"Mandarine"
792,"Your Volubulary T",,"Novel,","HarperCollins",2/3/2011,449856914.1,2553.3,"Spanish"
794,"Zero To One T","Peter Thiel","Novel,","Macmillan",2/4/2011,450409987.3,2556.4,"English"
795,"Tonima Tasnim","Joynul Abedin","Novel, Romance, ","Penguin",2/5/2011,450963060.5,2559.5,"English"
